-- ============================================================================
-- MIGRATION DONNÉES PRODUCTION MODULE EL → SCHÉMA UNIFIÉ
-- ============================================================================
-- Date: 2025-10-27T11:26:12.116Z
-- Source: prod_export_audits.json + prod_export_modules.json
-- 
-- Statistiques:
-- - 2 clients
-- - 2 projets
-- - 2 interventions
-- - 2 audits EL
-- - 462 modules EL
-- ============================================================================

-- Désactiver foreign keys temporairement pour insertion rapide
PRAGMA foreign_keys = OFF;

INSERT INTO users (email, name, role, certification_level, is_active) VALUES
    ('tech@diagpv.fr', 'Technicien DiagPV', 'technician', 'N2', 1);

INSERT INTO clients (name, contact_email) VALUES
    ('JALIBAT Industrie', NULL),
    ('Arkolia Énergies', NULL);

INSERT INTO projects (client_id, name, site_address, string_count, modules_per_string, total_modules) VALUES
    (1, 'JALIBAT', 'Site industriel JALIBAT', 11, 22, 242),
    (2, 'LES FORGES', 'Les Forges de Lanouée - 88 kW', 10, 22, 220);

INSERT INTO interventions (project_id, technician_id, intervention_type, intervention_date, status) VALUES
    (1, 1, 'el', '2025-10-27 09:43:12', 'completed'),
    (2, 1, 'el', '2025-10-27 09:43:12', 'completed');

INSERT INTO el_audits (intervention_id, audit_token, project_name, client_name, location, string_count, modules_per_string, total_modules, configuration_json, status, created_at, updated_at) VALUES
    (1, 'a4e19950-c73c-412c-be4d-699c9de1dde1', 'JALIBAT', 'JALIBAT Industrie', 'Site industriel JALIBAT', 11, 22, 242, '{"mode":"simple","stringCount":11,"modulesPerString":22,"totalModules":242}', 'created', '2025-10-27 09:43:12', '2025-10-27 09:43:12'),
    (2, '76e6eb36-8b49-4255-99d3-55fc1adfc1c9', 'LES FORGES', 'Arkolia Énergies', 'Les Forges de Lanouée - 88 kW', 10, 22, 220, '{"mode":"simple","stringCount":10,"modulesPerString":22,"totalModules":220}', 'created', '2025-10-27 09:43:12', '2025-10-27 09:43:12');

INSERT INTO el_modules (el_audit_id, audit_token, module_identifier, string_number, position_in_string, defect_type, severity_level, comment, technician_id, physical_row, physical_col, image_url, created_at, updated_at) VALUES
    (1, 'a4e19950-c73c-412c-be4d-699c9de1dde1', 'S1-1', 1, 1, 'none', 0, 'MEME MPPT TRANCKER STRING SUD', 1, 1, 1, NULL, '2025-10-27 09:43:12', '2025-10-27 09:43:12'),
    (1, 'a4e19950-c73c-412c-be4d-699c9de1dde1', 'S1-2', 1, 2, 'none', 0, 'null', 1, 1, 2, NULL, '2025-10-27 09:43:12', '2025-10-27 09:43:12'),
    (1, 'a4e19950-c73c-412c-be4d-699c9de1dde1', 'S1-3', 1, 3, 'none', 0, 'null', 1, 1, 3, NULL, '2025-10-27 09:43:12', '2025-10-27 09:43:12'),
    (1, 'a4e19950-c73c-412c-be4d-699c9de1dde1', 'S1-4', 1, 4, 'none', 0, 'null', 1, 1, 4, NULL, '2025-10-27 09:43:12', '2025-10-27 09:43:12'),
    (1, 'a4e19950-c73c-412c-be4d-699c9de1dde1', 'S1-5', 1, 5, 'none', 0, 'null', 1, 1, 5, NULL, '2025-10-27 09:43:12', '2025-10-27 09:43:12'),
    (1, 'a4e19950-c73c-412c-be4d-699c9de1dde1', 'S1-6', 1, 6, 'none', 0, 'null', 1, 1, 6, NULL, '2025-10-27 09:43:12', '2025-10-27 09:43:12'),
    (1, 'a4e19950-c73c-412c-be4d-699c9de1dde1', 'S1-7', 1, 7, 'dead_module', 3, 'null', 1, 1, 7, NULL, '2025-10-27 09:43:12', '2025-10-27 09:43:12'),
    (1, 'a4e19950-c73c-412c-be4d-699c9de1dde1', 'S1-8', 1, 8, 'dead_module', 3, 'null', 1, 1, 8, NULL, '2025-10-27 09:43:12', '2025-10-27 09:43:12'),
    (1, 'a4e19950-c73c-412c-be4d-699c9de1dde1', 'S1-9', 1, 9, 'none', 0, 'null', 1, 1, 9, NULL, '2025-10-27 09:43:12', '2025-10-27 09:43:12'),
    (1, 'a4e19950-c73c-412c-be4d-699c9de1dde1', 'S1-10', 1, 10, 'none', 0, 'null', 1, 1, 10, NULL, '2025-10-27 09:43:12', '2025-10-27 09:43:12'),
    (1, 'a4e19950-c73c-412c-be4d-699c9de1dde1', 'S1-11', 1, 11, 'dead_module', 3, 'null', 1, 1, 11, NULL, '2025-10-27 09:43:12', '2025-10-27 09:43:12'),
    (1, 'a4e19950-c73c-412c-be4d-699c9de1dde1', 'S1-12', 1, 12, 'dead_module', 3, 'null', 1, 1, 12, NULL, '2025-10-27 09:43:12', '2025-10-27 09:43:12'),
    (1, 'a4e19950-c73c-412c-be4d-699c9de1dde1', 'S1-13', 1, 13, 'dead_module', 3, 'null', 1, 1, 13, NULL, '2025-10-27 09:43:12', '2025-10-27 09:43:12'),
    (1, 'a4e19950-c73c-412c-be4d-699c9de1dde1', 'S1-14', 1, 14, 'none', 0, 'null', 1, 1, 14, NULL, '2025-10-27 09:43:12', '2025-10-27 09:43:12'),
    (1, 'a4e19950-c73c-412c-be4d-699c9de1dde1', 'S1-15', 1, 15, 'dead_module', 3, 'null', 1, 1, 15, NULL, '2025-10-27 09:43:12', '2025-10-27 09:43:12'),
    (1, 'a4e19950-c73c-412c-be4d-699c9de1dde1', 'S1-16', 1, 16, 'none', 0, 'null', 1, 1, 16, NULL, '2025-10-27 09:43:12', '2025-10-27 09:43:12'),
    (1, 'a4e19950-c73c-412c-be4d-699c9de1dde1', 'S1-17', 1, 17, 'none', 0, 'null', 1, 1, 17, NULL, '2025-10-27 09:43:12', '2025-10-27 09:43:12'),
    (1, 'a4e19950-c73c-412c-be4d-699c9de1dde1', 'S1-18', 1, 18, 'none', 0, 'null', 1, 1, 18, NULL, '2025-10-27 09:43:12', '2025-10-27 09:43:12'),
    (1, 'a4e19950-c73c-412c-be4d-699c9de1dde1', 'S1-19', 1, 19, 'none', 0, 'null', 1, 1, 19, NULL, '2025-10-27 09:43:12', '2025-10-27 09:43:12'),
    (1, 'a4e19950-c73c-412c-be4d-699c9de1dde1', 'S1-20', 1, 20, 'none', 0, 'null', 1, 1, 20, NULL, '2025-10-27 09:43:12', '2025-10-27 09:43:12'),
    (1, 'a4e19950-c73c-412c-be4d-699c9de1dde1', 'S1-21', 1, 21, 'dead_module', 3, 'null', 1, 1, 21, NULL, '2025-10-27 09:43:12', '2025-10-27 09:43:12'),
    (1, 'a4e19950-c73c-412c-be4d-699c9de1dde1', 'S1-22', 1, 22, 'none', 0, 'null', 1, 1, 22, NULL, '2025-10-27 09:43:12', '2025-10-27 09:43:12'),
    (1, 'a4e19950-c73c-412c-be4d-699c9de1dde1', 'S1-23', 1, 23, 'dead_module', 3, 'null', 1, 1, 23, NULL, '2025-10-27 09:43:12', '2025-10-27 09:43:12'),
    (1, 'a4e19950-c73c-412c-be4d-699c9de1dde1', 'S1-24', 1, 24, 'none', 0, 'null', 1, 1, 24, NULL, '2025-10-27 09:43:12', '2025-10-27 09:43:12'),
    (1, 'a4e19950-c73c-412c-be4d-699c9de1dde1', 'S1-25', 1, 25, 'none', 0, 'null', 1, 1, 25, NULL, '2025-10-27 09:43:12', '2025-10-27 09:43:12'),
    (1, 'a4e19950-c73c-412c-be4d-699c9de1dde1', 'S1-26', 1, 26, 'none', 0, 'null', 1, 1, 26, NULL, '2025-10-27 09:43:12', '2025-10-27 09:43:12'),
    (1, 'a4e19950-c73c-412c-be4d-699c9de1dde1', 'S2-1', 2, 1, 'none', 0, 'INVERSION STRING 2 ET 4', 1, 2, 1, NULL, '2025-10-27 09:43:12', '2025-10-27 09:43:12'),
    (1, 'a4e19950-c73c-412c-be4d-699c9de1dde1', 'S2-2', 2, 2, 'dead_module', 3, 'null', 1, 2, 2, NULL, '2025-10-27 09:43:12', '2025-10-27 09:43:12'),
    (1, 'a4e19950-c73c-412c-be4d-699c9de1dde1', 'S2-3', 2, 3, 'dead_module', 3, 'null', 1, 2, 3, NULL, '2025-10-27 09:43:12', '2025-10-27 09:43:12'),
    (1, 'a4e19950-c73c-412c-be4d-699c9de1dde1', 'S2-4', 2, 4, 'none', 0, 'null', 1, 2, 4, NULL, '2025-10-27 09:43:12', '2025-10-27 09:43:12'),
    (1, 'a4e19950-c73c-412c-be4d-699c9de1dde1', 'S2-5', 2, 5, 'dead_module', 3, 'null', 1, 2, 5, NULL, '2025-10-27 09:43:12', '2025-10-27 09:43:12'),
    (1, 'a4e19950-c73c-412c-be4d-699c9de1dde1', 'S2-6', 2, 6, 'none', 0, 'null', 1, 2, 6, NULL, '2025-10-27 09:43:12', '2025-10-27 09:43:12'),
    (1, 'a4e19950-c73c-412c-be4d-699c9de1dde1', 'S2-7', 2, 7, 'dead_module', 3, 'null', 1, 2, 7, NULL, '2025-10-27 09:43:12', '2025-10-27 09:43:12'),
    (1, 'a4e19950-c73c-412c-be4d-699c9de1dde1', 'S2-8', 2, 8, 'dead_module', 3, 'null', 1, 2, 8, NULL, '2025-10-27 09:43:12', '2025-10-27 09:43:12'),
    (1, 'a4e19950-c73c-412c-be4d-699c9de1dde1', 'S2-9', 2, 9, 'dead_module', 3, 'null', 1, 2, 9, NULL, '2025-10-27 09:43:12', '2025-10-27 09:43:12'),
    (1, 'a4e19950-c73c-412c-be4d-699c9de1dde1', 'S2-10', 2, 10, 'none', 0, 'null', 1, 2, 10, NULL, '2025-10-27 09:43:12', '2025-10-27 09:43:12'),
    (1, 'a4e19950-c73c-412c-be4d-699c9de1dde1', 'S2-11', 2, 11, 'dead_module', 3, 'null', 1, 2, 11, NULL, '2025-10-27 09:43:12', '2025-10-27 09:43:12'),
    (1, 'a4e19950-c73c-412c-be4d-699c9de1dde1', 'S2-12', 2, 12, 'dead_module', 3, 'null', 1, 2, 12, NULL, '2025-10-27 09:43:12', '2025-10-27 09:43:12'),
    (1, 'a4e19950-c73c-412c-be4d-699c9de1dde1', 'S2-13', 2, 13, 'dead_module', 3, 'null', 1, 2, 13, NULL, '2025-10-27 09:43:12', '2025-10-27 09:43:12'),
    (1, 'a4e19950-c73c-412c-be4d-699c9de1dde1', 'S2-14', 2, 14, 'dead_module', 3, 'null', 1, 2, 14, NULL, '2025-10-27 09:43:12', '2025-10-27 09:43:12'),
    (1, 'a4e19950-c73c-412c-be4d-699c9de1dde1', 'S2-15', 2, 15, 'dead_module', 3, 'null', 1, 2, 15, NULL, '2025-10-27 09:43:12', '2025-10-27 09:43:12'),
    (1, 'a4e19950-c73c-412c-be4d-699c9de1dde1', 'S2-16', 2, 16, 'none', 0, 'null', 1, 2, 16, NULL, '2025-10-27 09:43:12', '2025-10-27 09:43:12'),
    (1, 'a4e19950-c73c-412c-be4d-699c9de1dde1', 'S2-17', 2, 17, 'dead_module', 3, 'null', 1, 2, 17, NULL, '2025-10-27 09:43:12', '2025-10-27 09:43:12'),
    (1, 'a4e19950-c73c-412c-be4d-699c9de1dde1', 'S2-18', 2, 18, 'dead_module', 3, 'null', 1, 2, 18, NULL, '2025-10-27 09:43:12', '2025-10-27 09:43:12'),
    (1, 'a4e19950-c73c-412c-be4d-699c9de1dde1', 'S2-19', 2, 19, 'dead_module', 3, 'null', 1, 2, 19, NULL, '2025-10-27 09:43:12', '2025-10-27 09:43:12'),
    (1, 'a4e19950-c73c-412c-be4d-699c9de1dde1', 'S2-20', 2, 20, 'dead_module', 3, 'null', 1, 2, 20, NULL, '2025-10-27 09:43:12', '2025-10-27 09:43:12'),
    (1, 'a4e19950-c73c-412c-be4d-699c9de1dde1', 'S2-21', 2, 21, 'dead_module', 3, 'null', 1, 2, 21, NULL, '2025-10-27 09:43:12', '2025-10-27 09:43:12'),
    (1, 'a4e19950-c73c-412c-be4d-699c9de1dde1', 'S2-22', 2, 22, 'dead_module', 3, 'null', 1, 2, 22, NULL, '2025-10-27 09:43:12', '2025-10-27 09:43:12'),
    (1, 'a4e19950-c73c-412c-be4d-699c9de1dde1', 'S2-23', 2, 23, 'dead_module', 3, 'null', 1, 2, 23, NULL, '2025-10-27 09:43:12', '2025-10-27 09:43:12'),
    (1, 'a4e19950-c73c-412c-be4d-699c9de1dde1', 'S2-24', 2, 24, 'none', 0, 'null', 1, 2, 24, NULL, '2025-10-27 09:43:12', '2025-10-27 09:43:12'),
    (1, 'a4e19950-c73c-412c-be4d-699c9de1dde1', 'S3-1', 3, 1, 'none', 0, 'null', 1, 3, 1, NULL, '2025-10-27 09:43:12', '2025-10-27 09:43:12'),
    (1, 'a4e19950-c73c-412c-be4d-699c9de1dde1', 'S3-2', 3, 2, 'dead_module', 3, 'null', 1, 3, 2, NULL, '2025-10-27 09:43:12', '2025-10-27 09:43:12'),
    (1, 'a4e19950-c73c-412c-be4d-699c9de1dde1', 'S3-3', 3, 3, 'dead_module', 3, 'null', 1, 3, 3, NULL, '2025-10-27 09:43:12', '2025-10-27 09:43:12'),
    (1, 'a4e19950-c73c-412c-be4d-699c9de1dde1', 'S3-4', 3, 4, 'dead_module', 3, 'null', 1, 3, 4, NULL, '2025-10-27 09:43:12', '2025-10-27 09:43:12'),
    (1, 'a4e19950-c73c-412c-be4d-699c9de1dde1', 'S3-5', 3, 5, 'dead_module', 3, 'null', 1, 3, 5, NULL, '2025-10-27 09:43:12', '2025-10-27 09:43:12'),
    (1, 'a4e19950-c73c-412c-be4d-699c9de1dde1', 'S3-6', 3, 6, 'dead_module', 3, 'null', 1, 3, 6, NULL, '2025-10-27 09:43:12', '2025-10-27 09:43:12'),
    (1, 'a4e19950-c73c-412c-be4d-699c9de1dde1', 'S3-7', 3, 7, 'dead_module', 3, 'null', 1, 3, 7, NULL, '2025-10-27 09:43:12', '2025-10-27 09:43:12'),
    (1, 'a4e19950-c73c-412c-be4d-699c9de1dde1', 'S3-8', 3, 8, 'dead_module', 3, 'null', 1, 3, 8, NULL, '2025-10-27 09:43:12', '2025-10-27 09:43:12'),
    (1, 'a4e19950-c73c-412c-be4d-699c9de1dde1', 'S3-9', 3, 9, 'dead_module', 3, 'null', 1, 3, 9, NULL, '2025-10-27 09:43:12', '2025-10-27 09:43:12'),
    (1, 'a4e19950-c73c-412c-be4d-699c9de1dde1', 'S3-10', 3, 10, 'dead_module', 3, 'null', 1, 3, 10, NULL, '2025-10-27 09:43:12', '2025-10-27 09:43:12'),
    (1, 'a4e19950-c73c-412c-be4d-699c9de1dde1', 'S3-11', 3, 11, 'dead_module', 3, 'null', 1, 3, 11, NULL, '2025-10-27 09:43:12', '2025-10-27 09:43:12'),
    (1, 'a4e19950-c73c-412c-be4d-699c9de1dde1', 'S3-12', 3, 12, 'dead_module', 3, 'null', 1, 3, 12, NULL, '2025-10-27 09:43:12', '2025-10-27 09:43:12'),
    (1, 'a4e19950-c73c-412c-be4d-699c9de1dde1', 'S3-13', 3, 13, 'none', 0, 'null', 1, 3, 13, NULL, '2025-10-27 09:43:12', '2025-10-27 09:43:12'),
    (1, 'a4e19950-c73c-412c-be4d-699c9de1dde1', 'S3-14', 3, 14, 'dead_module', 3, 'null', 1, 3, 14, NULL, '2025-10-27 09:43:12', '2025-10-27 09:43:12'),
    (1, 'a4e19950-c73c-412c-be4d-699c9de1dde1', 'S3-15', 3, 15, 'dead_module', 3, 'null', 1, 3, 15, NULL, '2025-10-27 09:43:12', '2025-10-27 09:43:12'),
    (1, 'a4e19950-c73c-412c-be4d-699c9de1dde1', 'S3-16', 3, 16, 'dead_module', 3, 'null', 1, 3, 16, NULL, '2025-10-27 09:43:12', '2025-10-27 09:43:12'),
    (1, 'a4e19950-c73c-412c-be4d-699c9de1dde1', 'S3-17', 3, 17, 'dead_module', 3, 'null', 1, 3, 17, NULL, '2025-10-27 09:43:12', '2025-10-27 09:43:12'),
    (1, 'a4e19950-c73c-412c-be4d-699c9de1dde1', 'S3-18', 3, 18, 'dead_module', 3, 'null', 1, 3, 18, NULL, '2025-10-27 09:43:12', '2025-10-27 09:43:12'),
    (1, 'a4e19950-c73c-412c-be4d-699c9de1dde1', 'S3-19', 3, 19, 'dead_module', 3, 'null', 1, 3, 19, NULL, '2025-10-27 09:43:12', '2025-10-27 09:43:12'),
    (1, 'a4e19950-c73c-412c-be4d-699c9de1dde1', 'S3-20', 3, 20, 'dead_module', 3, 'null', 1, 3, 20, NULL, '2025-10-27 09:43:12', '2025-10-27 09:43:12'),
    (1, 'a4e19950-c73c-412c-be4d-699c9de1dde1', 'S3-21', 3, 21, 'dead_module', 3, 'null', 1, 3, 21, NULL, '2025-10-27 09:43:12', '2025-10-27 09:43:12'),
    (1, 'a4e19950-c73c-412c-be4d-699c9de1dde1', 'S3-22', 3, 22, 'dead_module', 3, 'null', 1, 3, 22, NULL, '2025-10-27 09:43:12', '2025-10-27 09:43:12'),
    (1, 'a4e19950-c73c-412c-be4d-699c9de1dde1', 'S3-23', 3, 23, 'dead_module', 3, 'null', 1, 3, 23, NULL, '2025-10-27 09:43:12', '2025-10-27 09:43:12'),
    (1, 'a4e19950-c73c-412c-be4d-699c9de1dde1', 'S3-24', 3, 24, 'dead_module', 3, 'null', 1, 3, 24, NULL, '2025-10-27 09:43:12', '2025-10-27 09:43:12'),
    (1, 'a4e19950-c73c-412c-be4d-699c9de1dde1', 'S4-1', 4, 1, 'dead_module', 3, 'null', 1, 4, 1, NULL, '2025-10-27 09:43:12', '2025-10-27 09:43:12'),
    (1, 'a4e19950-c73c-412c-be4d-699c9de1dde1', 'S4-2', 4, 2, 'dead_module', 3, 'null', 1, 4, 2, NULL, '2025-10-27 09:43:12', '2025-10-27 09:43:12'),
    (1, 'a4e19950-c73c-412c-be4d-699c9de1dde1', 'S4-3', 4, 3, 'dead_module', 3, 'null', 1, 4, 3, NULL, '2025-10-27 09:43:12', '2025-10-27 09:43:12'),
    (1, 'a4e19950-c73c-412c-be4d-699c9de1dde1', 'S4-4', 4, 4, 'dead_module', 3, 'null', 1, 4, 4, NULL, '2025-10-27 09:43:12', '2025-10-27 09:43:12'),
    (1, 'a4e19950-c73c-412c-be4d-699c9de1dde1', 'S4-5', 4, 5, 'dead_module', 3, 'null', 1, 4, 5, NULL, '2025-10-27 09:43:12', '2025-10-27 09:43:12'),
    (1, 'a4e19950-c73c-412c-be4d-699c9de1dde1', 'S4-6', 4, 6, 'none', 0, 'null', 1, 4, 6, NULL, '2025-10-27 09:43:12', '2025-10-27 09:43:12'),
    (1, 'a4e19950-c73c-412c-be4d-699c9de1dde1', 'S4-7', 4, 7, 'dead_module', 3, 'null', 1, 4, 7, NULL, '2025-10-27 09:43:12', '2025-10-27 09:43:12'),
    (1, 'a4e19950-c73c-412c-be4d-699c9de1dde1', 'S4-8', 4, 8, 'dead_module', 3, 'null', 1, 4, 8, NULL, '2025-10-27 09:43:12', '2025-10-27 09:43:12'),
    (1, 'a4e19950-c73c-412c-be4d-699c9de1dde1', 'S4-9', 4, 9, 'dead_module', 3, 'null', 1, 4, 9, NULL, '2025-10-27 09:43:12', '2025-10-27 09:43:12'),
    (1, 'a4e19950-c73c-412c-be4d-699c9de1dde1', 'S4-10', 4, 10, 'dead_module', 3, 'null', 1, 4, 10, NULL, '2025-10-27 09:43:12', '2025-10-27 09:43:12'),
    (1, 'a4e19950-c73c-412c-be4d-699c9de1dde1', 'S4-11', 4, 11, 'dead_module', 3, 'null', 1, 4, 11, NULL, '2025-10-27 09:43:12', '2025-10-27 09:43:12'),
    (1, 'a4e19950-c73c-412c-be4d-699c9de1dde1', 'S4-12', 4, 12, 'dead_module', 3, 'null', 1, 4, 12, NULL, '2025-10-27 09:43:12', '2025-10-27 09:43:12'),
    (1, 'a4e19950-c73c-412c-be4d-699c9de1dde1', 'S4-13', 4, 13, 'dead_module', 3, 'null', 1, 4, 13, NULL, '2025-10-27 09:43:12', '2025-10-27 09:43:12'),
    (1, 'a4e19950-c73c-412c-be4d-699c9de1dde1', 'S4-14', 4, 14, 'dead_module', 3, 'null', 1, 4, 14, NULL, '2025-10-27 09:43:12', '2025-10-27 09:43:12'),
    (1, 'a4e19950-c73c-412c-be4d-699c9de1dde1', 'S4-15', 4, 15, 'dead_module', 3, 'null', 1, 4, 15, NULL, '2025-10-27 09:43:12', '2025-10-27 09:43:12'),
    (1, 'a4e19950-c73c-412c-be4d-699c9de1dde1', 'S4-16', 4, 16, 'dead_module', 3, 'null', 1, 4, 16, NULL, '2025-10-27 09:43:12', '2025-10-27 09:43:12'),
    (1, 'a4e19950-c73c-412c-be4d-699c9de1dde1', 'S4-17', 4, 17, 'dead_module', 3, 'null', 1, 4, 17, NULL, '2025-10-27 09:43:12', '2025-10-27 09:43:12'),
    (1, 'a4e19950-c73c-412c-be4d-699c9de1dde1', 'S4-18', 4, 18, 'dead_module', 3, 'null', 1, 4, 18, NULL, '2025-10-27 09:43:12', '2025-10-27 09:43:12'),
    (1, 'a4e19950-c73c-412c-be4d-699c9de1dde1', 'S4-19', 4, 19, 'dead_module', 3, 'null', 1, 4, 19, NULL, '2025-10-27 09:43:12', '2025-10-27 09:43:12'),
    (1, 'a4e19950-c73c-412c-be4d-699c9de1dde1', 'S4-20', 4, 20, 'dead_module', 3, 'null', 1, 4, 20, NULL, '2025-10-27 09:43:12', '2025-10-27 09:43:12'),
    (1, 'a4e19950-c73c-412c-be4d-699c9de1dde1', 'S4-21', 4, 21, 'dead_module', 3, 'null', 1, 4, 21, NULL, '2025-10-27 09:43:12', '2025-10-27 09:43:12'),
    (1, 'a4e19950-c73c-412c-be4d-699c9de1dde1', 'S4-22', 4, 22, 'dead_module', 3, 'null', 1, 4, 22, NULL, '2025-10-27 09:43:12', '2025-10-27 09:43:12'),
    (1, 'a4e19950-c73c-412c-be4d-699c9de1dde1', 'S4-23', 4, 23, 'none', 0, 'null', 1, 4, 23, NULL, '2025-10-27 09:43:12', '2025-10-27 09:43:12'),
    (1, 'a4e19950-c73c-412c-be4d-699c9de1dde1', 'S4-24', 4, 24, 'dead_module', 3, 'null', 1, 4, 24, NULL, '2025-10-27 09:43:12', '2025-10-27 09:43:12'),
    (1, 'a4e19950-c73c-412c-be4d-699c9de1dde1', 'S5-1', 5, 1, 'dead_module', 3, 'null', 1, 5, 1, NULL, '2025-10-27 09:43:12', '2025-10-27 09:43:12'),
    (1, 'a4e19950-c73c-412c-be4d-699c9de1dde1', 'S5-2', 5, 2, 'none', 0, 'null', 1, 5, 2, NULL, '2025-10-27 09:43:12', '2025-10-27 09:43:12'),
    (1, 'a4e19950-c73c-412c-be4d-699c9de1dde1', 'S5-3', 5, 3, 'dead_module', 3, 'null', 1, 5, 3, NULL, '2025-10-27 09:43:12', '2025-10-27 09:43:12'),
    (1, 'a4e19950-c73c-412c-be4d-699c9de1dde1', 'S5-4', 5, 4, 'none', 0, 'null', 1, 5, 4, NULL, '2025-10-27 09:43:12', '2025-10-27 09:43:12'),
    (1, 'a4e19950-c73c-412c-be4d-699c9de1dde1', 'S5-5', 5, 5, 'none', 0, 'null', 1, 5, 5, NULL, '2025-10-27 09:43:12', '2025-10-27 09:43:12'),
    (1, 'a4e19950-c73c-412c-be4d-699c9de1dde1', 'S5-6', 5, 6, 'none', 0, 'null', 1, 5, 6, NULL, '2025-10-27 09:43:12', '2025-10-27 09:43:12'),
    (1, 'a4e19950-c73c-412c-be4d-699c9de1dde1', 'S5-7', 5, 7, 'dead_module', 3, 'null', 1, 5, 7, NULL, '2025-10-27 09:43:12', '2025-10-27 09:43:12'),
    (1, 'a4e19950-c73c-412c-be4d-699c9de1dde1', 'S5-8', 5, 8, 'dead_module', 3, 'null', 1, 5, 8, NULL, '2025-10-27 09:43:12', '2025-10-27 09:43:12'),
    (1, 'a4e19950-c73c-412c-be4d-699c9de1dde1', 'S5-9', 5, 9, 'dead_module', 3, 'null', 1, 5, 9, NULL, '2025-10-27 09:43:12', '2025-10-27 09:43:12'),
    (1, 'a4e19950-c73c-412c-be4d-699c9de1dde1', 'S5-10', 5, 10, 'dead_module', 3, 'null', 1, 5, 10, NULL, '2025-10-27 09:43:12', '2025-10-27 09:43:12'),
    (1, 'a4e19950-c73c-412c-be4d-699c9de1dde1', 'S5-11', 5, 11, 'dead_module', 3, 'null', 1, 5, 11, NULL, '2025-10-27 09:43:12', '2025-10-27 09:43:12'),
    (1, 'a4e19950-c73c-412c-be4d-699c9de1dde1', 'S5-12', 5, 12, 'none', 0, 'null', 1, 5, 12, NULL, '2025-10-27 09:43:12', '2025-10-27 09:43:12'),
    (1, 'a4e19950-c73c-412c-be4d-699c9de1dde1', 'S5-13', 5, 13, 'none', 0, 'null', 1, 5, 13, NULL, '2025-10-27 09:43:12', '2025-10-27 09:43:12'),
    (1, 'a4e19950-c73c-412c-be4d-699c9de1dde1', 'S5-14', 5, 14, 'dead_module', 3, 'null', 1, 5, 14, NULL, '2025-10-27 09:43:12', '2025-10-27 09:43:12'),
    (1, 'a4e19950-c73c-412c-be4d-699c9de1dde1', 'S5-15', 5, 15, 'dead_module', 3, 'null', 1, 5, 15, NULL, '2025-10-27 09:43:12', '2025-10-27 09:43:12'),
    (1, 'a4e19950-c73c-412c-be4d-699c9de1dde1', 'S5-16', 5, 16, 'dead_module', 3, 'null', 1, 5, 16, NULL, '2025-10-27 09:43:12', '2025-10-27 09:43:12'),
    (1, 'a4e19950-c73c-412c-be4d-699c9de1dde1', 'S5-17', 5, 17, 'dead_module', 3, 'null', 1, 5, 17, NULL, '2025-10-27 09:43:12', '2025-10-27 09:43:12'),
    (1, 'a4e19950-c73c-412c-be4d-699c9de1dde1', 'S5-18', 5, 18, 'dead_module', 3, 'null', 1, 5, 18, NULL, '2025-10-27 09:43:12', '2025-10-27 09:43:12'),
    (1, 'a4e19950-c73c-412c-be4d-699c9de1dde1', 'S5-19', 5, 19, 'dead_module', 3, 'null', 1, 5, 19, NULL, '2025-10-27 09:43:12', '2025-10-27 09:43:12'),
    (1, 'a4e19950-c73c-412c-be4d-699c9de1dde1', 'S5-20', 5, 20, 'none', 0, 'null', 1, 5, 20, NULL, '2025-10-27 09:43:12', '2025-10-27 09:43:12'),
    (1, 'a4e19950-c73c-412c-be4d-699c9de1dde1', 'S5-21', 5, 21, 'dead_module', 3, 'null', 1, 5, 21, NULL, '2025-10-27 09:43:12', '2025-10-27 09:43:12'),
    (1, 'a4e19950-c73c-412c-be4d-699c9de1dde1', 'S5-22', 5, 22, 'dead_module', 3, 'null', 1, 5, 22, NULL, '2025-10-27 09:43:12', '2025-10-27 09:43:12'),
    (1, 'a4e19950-c73c-412c-be4d-699c9de1dde1', 'S5-23', 5, 23, 'dead_module', 3, 'null', 1, 5, 23, NULL, '2025-10-27 09:43:12', '2025-10-27 09:43:12'),
    (1, 'a4e19950-c73c-412c-be4d-699c9de1dde1', 'S5-24', 5, 24, 'dead_module', 3, 'null', 1, 5, 24, NULL, '2025-10-27 09:43:12', '2025-10-27 09:43:12'),
    (1, 'a4e19950-c73c-412c-be4d-699c9de1dde1', 'S6-1', 6, 1, 'dead_module', 3, 'null', 1, 6, 1, NULL, '2025-10-27 09:43:12', '2025-10-27 09:43:12'),
    (1, 'a4e19950-c73c-412c-be4d-699c9de1dde1', 'S6-2', 6, 2, 'none', 0, 'null', 1, 6, 2, NULL, '2025-10-27 09:43:12', '2025-10-27 09:43:12'),
    (1, 'a4e19950-c73c-412c-be4d-699c9de1dde1', 'S6-3', 6, 3, 'dead_module', 3, 'null', 1, 6, 3, NULL, '2025-10-27 09:43:12', '2025-10-27 09:43:12'),
    (1, 'a4e19950-c73c-412c-be4d-699c9de1dde1', 'S6-4', 6, 4, 'none', 0, 'null', 1, 6, 4, NULL, '2025-10-27 09:43:12', '2025-10-27 09:43:12'),
    (1, 'a4e19950-c73c-412c-be4d-699c9de1dde1', 'S6-5', 6, 5, 'dead_module', 3, 'null', 1, 6, 5, NULL, '2025-10-27 09:43:12', '2025-10-27 09:43:12'),
    (1, 'a4e19950-c73c-412c-be4d-699c9de1dde1', 'S6-6', 6, 6, 'dead_module', 3, 'null', 1, 6, 6, NULL, '2025-10-27 09:43:12', '2025-10-27 09:43:12'),
    (1, 'a4e19950-c73c-412c-be4d-699c9de1dde1', 'S6-7', 6, 7, 'dead_module', 3, 'null', 1, 6, 7, NULL, '2025-10-27 09:43:12', '2025-10-27 09:43:12'),
    (1, 'a4e19950-c73c-412c-be4d-699c9de1dde1', 'S6-8', 6, 8, 'dead_module', 3, 'null', 1, 6, 8, NULL, '2025-10-27 09:43:12', '2025-10-27 09:43:12'),
    (1, 'a4e19950-c73c-412c-be4d-699c9de1dde1', 'S6-9', 6, 9, 'dead_module', 3, 'null', 1, 6, 9, NULL, '2025-10-27 09:43:12', '2025-10-27 09:43:12'),
    (1, 'a4e19950-c73c-412c-be4d-699c9de1dde1', 'S6-10', 6, 10, 'dead_module', 3, 'photo zoom cellule impact', 1, 6, 10, NULL, '2025-10-27 09:43:12', '2025-10-27 09:43:12'),
    (1, 'a4e19950-c73c-412c-be4d-699c9de1dde1', 'S6-11', 6, 11, 'none', 0, 'null', 1, 6, 11, NULL, '2025-10-27 09:43:12', '2025-10-27 09:43:12'),
    (1, 'a4e19950-c73c-412c-be4d-699c9de1dde1', 'S6-12', 6, 12, 'dead_module', 3, 'null', 1, 6, 12, NULL, '2025-10-27 09:43:12', '2025-10-27 09:43:12'),
    (1, 'a4e19950-c73c-412c-be4d-699c9de1dde1', 'S6-13', 6, 13, 'dead_module', 3, 'null', 1, 6, 13, NULL, '2025-10-27 09:43:12', '2025-10-27 09:43:12'),
    (1, 'a4e19950-c73c-412c-be4d-699c9de1dde1', 'S6-14', 6, 14, 'dead_module', 3, 'null', 1, 6, 14, NULL, '2025-10-27 09:43:12', '2025-10-27 09:43:12'),
    (1, 'a4e19950-c73c-412c-be4d-699c9de1dde1', 'S6-15', 6, 15, 'dead_module', 3, 'null', 1, 6, 15, NULL, '2025-10-27 09:43:12', '2025-10-27 09:43:12'),
    (1, 'a4e19950-c73c-412c-be4d-699c9de1dde1', 'S6-16', 6, 16, 'none', 0, 'null', 1, 6, 16, NULL, '2025-10-27 09:43:12', '2025-10-27 09:43:12'),
    (1, 'a4e19950-c73c-412c-be4d-699c9de1dde1', 'S6-17', 6, 17, 'dead_module', 3, 'null', 1, 6, 17, NULL, '2025-10-27 09:43:12', '2025-10-27 09:43:12'),
    (1, 'a4e19950-c73c-412c-be4d-699c9de1dde1', 'S6-18', 6, 18, 'dead_module', 3, 'null', 1, 6, 18, NULL, '2025-10-27 09:43:12', '2025-10-27 09:43:12'),
    (1, 'a4e19950-c73c-412c-be4d-699c9de1dde1', 'S6-19', 6, 19, 'dead_module', 3, 'null', 1, 6, 19, NULL, '2025-10-27 09:43:12', '2025-10-27 09:43:12'),
    (1, 'a4e19950-c73c-412c-be4d-699c9de1dde1', 'S6-20', 6, 20, 'dead_module', 3, 'null', 1, 6, 20, NULL, '2025-10-27 09:43:12', '2025-10-27 09:43:12'),
    (1, 'a4e19950-c73c-412c-be4d-699c9de1dde1', 'S6-21', 6, 21, 'dead_module', 3, 'null', 1, 6, 21, NULL, '2025-10-27 09:43:12', '2025-10-27 09:43:12'),
    (1, 'a4e19950-c73c-412c-be4d-699c9de1dde1', 'S6-22', 6, 22, 'none', 0, 'null', 1, 6, 22, NULL, '2025-10-27 09:43:12', '2025-10-27 09:43:12'),
    (1, 'a4e19950-c73c-412c-be4d-699c9de1dde1', 'S6-23', 6, 23, 'dead_module', 3, 'null', 1, 6, 23, NULL, '2025-10-27 09:43:12', '2025-10-27 09:43:12'),
    (1, 'a4e19950-c73c-412c-be4d-699c9de1dde1', 'S6-24', 6, 24, 'dead_module', 3, 'null', 1, 6, 24, NULL, '2025-10-27 09:43:12', '2025-10-27 09:43:12'),
    (1, 'a4e19950-c73c-412c-be4d-699c9de1dde1', 'S7-1', 7, 1, 'microcrack', 2, 'null', 1, 7, 1, NULL, '2025-10-27 09:43:12', '2025-10-27 09:43:12'),
    (1, 'a4e19950-c73c-412c-be4d-699c9de1dde1', 'S7-2', 7, 2, 'dead_module', 3, 'null', 1, 7, 2, NULL, '2025-10-27 09:43:12', '2025-10-27 09:43:12'),
    (1, 'a4e19950-c73c-412c-be4d-699c9de1dde1', 'S7-3', 7, 3, 'dead_module', 3, 'null', 1, 7, 3, NULL, '2025-10-27 09:43:12', '2025-10-27 09:43:12'),
    (1, 'a4e19950-c73c-412c-be4d-699c9de1dde1', 'S7-4', 7, 4, 'dead_module', 3, 'null', 1, 7, 4, NULL, '2025-10-27 09:43:12', '2025-10-27 09:43:12'),
    (1, 'a4e19950-c73c-412c-be4d-699c9de1dde1', 'S7-5', 7, 5, 'microcrack', 2, 'null', 1, 7, 5, NULL, '2025-10-27 09:43:12', '2025-10-27 09:43:12'),
    (1, 'a4e19950-c73c-412c-be4d-699c9de1dde1', 'S7-6', 7, 6, 'dead_module', 3, 'null', 1, 7, 6, NULL, '2025-10-27 09:43:12', '2025-10-27 09:43:12'),
    (1, 'a4e19950-c73c-412c-be4d-699c9de1dde1', 'S7-7', 7, 7, 'none', 0, 'null', 1, 7, 7, NULL, '2025-10-27 09:43:12', '2025-10-27 09:43:12'),
    (1, 'a4e19950-c73c-412c-be4d-699c9de1dde1', 'S7-8', 7, 8, 'dead_module', 3, 'null', 1, 7, 8, NULL, '2025-10-27 09:43:12', '2025-10-27 09:43:12'),
    (1, 'a4e19950-c73c-412c-be4d-699c9de1dde1', 'S7-9', 7, 9, 'dead_module', 3, 'null', 1, 7, 9, NULL, '2025-10-27 09:43:12', '2025-10-27 09:43:12'),
    (1, 'a4e19950-c73c-412c-be4d-699c9de1dde1', 'S7-10', 7, 10, 'dead_module', 3, 'null', 1, 7, 10, NULL, '2025-10-27 09:43:12', '2025-10-27 09:43:12'),
    (1, 'a4e19950-c73c-412c-be4d-699c9de1dde1', 'S7-11', 7, 11, 'dead_module', 3, 'null', 1, 7, 11, NULL, '2025-10-27 09:43:12', '2025-10-27 09:43:12'),
    (1, 'a4e19950-c73c-412c-be4d-699c9de1dde1', 'S7-12', 7, 12, 'dead_module', 3, 'null', 1, 7, 12, NULL, '2025-10-27 09:43:12', '2025-10-27 09:43:12'),
    (1, 'a4e19950-c73c-412c-be4d-699c9de1dde1', 'S7-13', 7, 13, 'dead_module', 3, 'null', 1, 7, 13, NULL, '2025-10-27 09:43:12', '2025-10-27 09:43:12'),
    (1, 'a4e19950-c73c-412c-be4d-699c9de1dde1', 'S7-14', 7, 14, 'dead_module', 3, 'null', 1, 7, 14, NULL, '2025-10-27 09:43:12', '2025-10-27 09:43:12'),
    (1, 'a4e19950-c73c-412c-be4d-699c9de1dde1', 'S7-15', 7, 15, 'dead_module', 3, 'null', 1, 7, 15, NULL, '2025-10-27 09:43:12', '2025-10-27 09:43:12'),
    (1, 'a4e19950-c73c-412c-be4d-699c9de1dde1', 'S7-16', 7, 16, 'dead_module', 3, 'null', 1, 7, 16, NULL, '2025-10-27 09:43:12', '2025-10-27 09:43:12'),
    (1, 'a4e19950-c73c-412c-be4d-699c9de1dde1', 'S7-17', 7, 17, 'dead_module', 3, 'null', 1, 7, 17, NULL, '2025-10-27 09:43:12', '2025-10-27 09:43:12'),
    (1, 'a4e19950-c73c-412c-be4d-699c9de1dde1', 'S7-18', 7, 18, 'dead_module', 3, 'null', 1, 7, 18, NULL, '2025-10-27 09:43:12', '2025-10-27 09:43:12'),
    (1, 'a4e19950-c73c-412c-be4d-699c9de1dde1', 'S7-19', 7, 19, 'none', 0, 'null', 1, 7, 19, NULL, '2025-10-27 09:43:12', '2025-10-27 09:43:12'),
    (1, 'a4e19950-c73c-412c-be4d-699c9de1dde1', 'S7-20', 7, 20, 'none', 0, 'null', 1, 7, 20, NULL, '2025-10-27 09:43:12', '2025-10-27 09:43:12'),
    (1, 'a4e19950-c73c-412c-be4d-699c9de1dde1', 'S7-21', 7, 21, 'dead_module', 3, 'null', 1, 7, 21, NULL, '2025-10-27 09:43:12', '2025-10-27 09:43:12'),
    (1, 'a4e19950-c73c-412c-be4d-699c9de1dde1', 'S7-22', 7, 22, 'dead_module', 3, 'null', 1, 7, 22, NULL, '2025-10-27 09:43:12', '2025-10-27 09:43:12'),
    (1, 'a4e19950-c73c-412c-be4d-699c9de1dde1', 'S7-23', 7, 23, 'dead_module', 3, 'null', 1, 7, 23, NULL, '2025-10-27 09:43:12', '2025-10-27 09:43:12'),
    (1, 'a4e19950-c73c-412c-be4d-699c9de1dde1', 'S7-24', 7, 24, 'dead_module', 3, 'null', 1, 7, 24, NULL, '2025-10-27 09:43:12', '2025-10-27 09:43:12'),
    (1, 'a4e19950-c73c-412c-be4d-699c9de1dde1', 'S8-1', 8, 1, 'dead_module', 3, 'null', 1, 8, 1, NULL, '2025-10-27 09:43:12', '2025-10-27 09:43:12'),
    (1, 'a4e19950-c73c-412c-be4d-699c9de1dde1', 'S8-2', 8, 2, 'dead_module', 3, 'null', 1, 8, 2, NULL, '2025-10-27 09:43:12', '2025-10-27 09:43:12'),
    (1, 'a4e19950-c73c-412c-be4d-699c9de1dde1', 'S8-3', 8, 3, 'none', 0, 'null', 1, 8, 3, NULL, '2025-10-27 09:43:12', '2025-10-27 09:43:12'),
    (1, 'a4e19950-c73c-412c-be4d-699c9de1dde1', 'S8-4', 8, 4, 'dead_module', 3, 'null', 1, 8, 4, NULL, '2025-10-27 09:43:12', '2025-10-27 09:43:12'),
    (1, 'a4e19950-c73c-412c-be4d-699c9de1dde1', 'S8-5', 8, 5, 'dead_module', 3, 'null', 1, 8, 5, NULL, '2025-10-27 09:43:12', '2025-10-27 09:43:12'),
    (1, 'a4e19950-c73c-412c-be4d-699c9de1dde1', 'S8-6', 8, 6, 'none', 0, 'null', 1, 8, 6, NULL, '2025-10-27 09:43:12', '2025-10-27 09:43:12'),
    (1, 'a4e19950-c73c-412c-be4d-699c9de1dde1', 'S8-7', 8, 7, 'dead_module', 3, 'null', 1, 8, 7, NULL, '2025-10-27 09:43:12', '2025-10-27 09:43:12'),
    (1, 'a4e19950-c73c-412c-be4d-699c9de1dde1', 'S8-8', 8, 8, 'dead_module', 3, 'null', 1, 8, 8, NULL, '2025-10-27 09:43:12', '2025-10-27 09:43:12'),
    (1, 'a4e19950-c73c-412c-be4d-699c9de1dde1', 'S8-9', 8, 9, 'none', 0, 'null', 1, 8, 9, NULL, '2025-10-27 09:43:12', '2025-10-27 09:43:12'),
    (1, 'a4e19950-c73c-412c-be4d-699c9de1dde1', 'S8-10', 8, 10, 'dead_module', 3, 'null', 1, 8, 10, NULL, '2025-10-27 09:43:12', '2025-10-27 09:43:12'),
    (1, 'a4e19950-c73c-412c-be4d-699c9de1dde1', 'S8-11', 8, 11, 'dead_module', 3, 'null', 1, 8, 11, NULL, '2025-10-27 09:43:12', '2025-10-27 09:43:12'),
    (1, 'a4e19950-c73c-412c-be4d-699c9de1dde1', 'S8-12', 8, 12, 'dead_module', 3, 'null', 1, 8, 12, NULL, '2025-10-27 09:43:12', '2025-10-27 09:43:12'),
    (1, 'a4e19950-c73c-412c-be4d-699c9de1dde1', 'S8-13', 8, 13, 'dead_module', 3, 'null', 1, 8, 13, NULL, '2025-10-27 09:43:12', '2025-10-27 09:43:12'),
    (1, 'a4e19950-c73c-412c-be4d-699c9de1dde1', 'S8-14', 8, 14, 'none', 0, 'null', 1, 8, 14, NULL, '2025-10-27 09:43:12', '2025-10-27 09:43:12'),
    (1, 'a4e19950-c73c-412c-be4d-699c9de1dde1', 'S8-15', 8, 15, 'dead_module', 3, 'null', 1, 8, 15, NULL, '2025-10-27 09:43:12', '2025-10-27 09:43:12'),
    (1, 'a4e19950-c73c-412c-be4d-699c9de1dde1', 'S8-16', 8, 16, 'dead_module', 3, 'null', 1, 8, 16, NULL, '2025-10-27 09:43:12', '2025-10-27 09:43:12'),
    (1, 'a4e19950-c73c-412c-be4d-699c9de1dde1', 'S8-17', 8, 17, 'dead_module', 3, 'null', 1, 8, 17, NULL, '2025-10-27 09:43:12', '2025-10-27 09:43:12'),
    (1, 'a4e19950-c73c-412c-be4d-699c9de1dde1', 'S8-18', 8, 18, 'none', 0, 'null', 1, 8, 18, NULL, '2025-10-27 09:43:12', '2025-10-27 09:43:12'),
    (1, 'a4e19950-c73c-412c-be4d-699c9de1dde1', 'S8-19', 8, 19, 'none', 0, 'null', 1, 8, 19, NULL, '2025-10-27 09:43:12', '2025-10-27 09:43:12'),
    (1, 'a4e19950-c73c-412c-be4d-699c9de1dde1', 'S8-20', 8, 20, 'dead_module', 3, 'null', 1, 8, 20, NULL, '2025-10-27 09:43:12', '2025-10-27 09:43:12'),
    (1, 'a4e19950-c73c-412c-be4d-699c9de1dde1', 'S8-21', 8, 21, 'none', 0, 'null', 1, 8, 21, NULL, '2025-10-27 09:43:12', '2025-10-27 09:43:12'),
    (1, 'a4e19950-c73c-412c-be4d-699c9de1dde1', 'S8-22', 8, 22, 'dead_module', 3, 'null', 1, 8, 22, NULL, '2025-10-27 09:43:12', '2025-10-27 09:43:12'),
    (1, 'a4e19950-c73c-412c-be4d-699c9de1dde1', 'S8-23', 8, 23, 'none', 0, 'null', 1, 8, 23, NULL, '2025-10-27 09:43:12', '2025-10-27 09:43:12'),
    (1, 'a4e19950-c73c-412c-be4d-699c9de1dde1', 'S8-24', 8, 24, 'dead_module', 3, 'null', 1, 8, 24, NULL, '2025-10-27 09:43:12', '2025-10-27 09:43:12'),
    (1, 'a4e19950-c73c-412c-be4d-699c9de1dde1', 'S9-1', 9, 1, 'none', 0, 'null', 1, 9, 1, NULL, '2025-10-27 09:43:12', '2025-10-27 09:43:12'),
    (1, 'a4e19950-c73c-412c-be4d-699c9de1dde1', 'S9-2', 9, 2, 'dead_module', 3, 'null', 1, 9, 2, NULL, '2025-10-27 09:43:12', '2025-10-27 09:43:12'),
    (1, 'a4e19950-c73c-412c-be4d-699c9de1dde1', 'S9-3', 9, 3, 'dead_module', 3, 'null', 1, 9, 3, NULL, '2025-10-27 09:43:12', '2025-10-27 09:43:12'),
    (1, 'a4e19950-c73c-412c-be4d-699c9de1dde1', 'S9-4', 9, 4, 'dead_module', 3, 'null', 1, 9, 4, NULL, '2025-10-27 09:43:12', '2025-10-27 09:43:12'),
    (1, 'a4e19950-c73c-412c-be4d-699c9de1dde1', 'S9-5', 9, 5, 'dead_module', 3, 'null', 1, 9, 5, NULL, '2025-10-27 09:43:12', '2025-10-27 09:43:12'),
    (1, 'a4e19950-c73c-412c-be4d-699c9de1dde1', 'S9-6', 9, 6, 'dead_module', 3, 'null', 1, 9, 6, NULL, '2025-10-27 09:43:12', '2025-10-27 09:43:12'),
    (1, 'a4e19950-c73c-412c-be4d-699c9de1dde1', 'S9-7', 9, 7, 'dead_module', 3, 'null', 1, 9, 7, NULL, '2025-10-27 09:43:12', '2025-10-27 09:43:12'),
    (1, 'a4e19950-c73c-412c-be4d-699c9de1dde1', 'S9-8', 9, 8, 'dead_module', 3, 'null', 1, 9, 8, NULL, '2025-10-27 09:43:12', '2025-10-27 09:43:12'),
    (1, 'a4e19950-c73c-412c-be4d-699c9de1dde1', 'S9-9', 9, 9, 'dead_module', 3, 'null', 1, 9, 9, NULL, '2025-10-27 09:43:12', '2025-10-27 09:43:12'),
    (1, 'a4e19950-c73c-412c-be4d-699c9de1dde1', 'S9-10', 9, 10, 'dead_module', 3, 'null', 1, 9, 10, NULL, '2025-10-27 09:43:12', '2025-10-27 09:43:12'),
    (1, 'a4e19950-c73c-412c-be4d-699c9de1dde1', 'S9-11', 9, 11, 'dead_module', 3, 'null', 1, 9, 11, NULL, '2025-10-27 09:43:12', '2025-10-27 09:43:12'),
    (1, 'a4e19950-c73c-412c-be4d-699c9de1dde1', 'S9-12', 9, 12, 'none', 0, 'null', 1, 9, 12, NULL, '2025-10-27 09:43:12', '2025-10-27 09:43:12'),
    (1, 'a4e19950-c73c-412c-be4d-699c9de1dde1', 'S9-13', 9, 13, 'dead_module', 3, 'null', 1, 9, 13, NULL, '2025-10-27 09:43:12', '2025-10-27 09:43:12'),
    (1, 'a4e19950-c73c-412c-be4d-699c9de1dde1', 'S9-14', 9, 14, 'dead_module', 3, 'null', 1, 9, 14, NULL, '2025-10-27 09:43:12', '2025-10-27 09:43:12'),
    (1, 'a4e19950-c73c-412c-be4d-699c9de1dde1', 'S9-15', 9, 15, 'dead_module', 3, 'null', 1, 9, 15, NULL, '2025-10-27 09:43:12', '2025-10-27 09:43:12'),
    (1, 'a4e19950-c73c-412c-be4d-699c9de1dde1', 'S9-16', 9, 16, 'dead_module', 3, 'null', 1, 9, 16, NULL, '2025-10-27 09:43:12', '2025-10-27 09:43:12'),
    (1, 'a4e19950-c73c-412c-be4d-699c9de1dde1', 'S9-17', 9, 17, 'dead_module', 3, 'null', 1, 9, 17, NULL, '2025-10-27 09:43:12', '2025-10-27 09:43:12'),
    (1, 'a4e19950-c73c-412c-be4d-699c9de1dde1', 'S9-18', 9, 18, 'dead_module', 3, 'null', 1, 9, 18, NULL, '2025-10-27 09:43:12', '2025-10-27 09:43:12'),
    (1, 'a4e19950-c73c-412c-be4d-699c9de1dde1', 'S9-19', 9, 19, 'dead_module', 3, 'null', 1, 9, 19, NULL, '2025-10-27 09:43:12', '2025-10-27 09:43:12'),
    (1, 'a4e19950-c73c-412c-be4d-699c9de1dde1', 'S9-20', 9, 20, 'dead_module', 3, 'null', 1, 9, 20, NULL, '2025-10-27 09:43:12', '2025-10-27 09:43:12'),
    (1, 'a4e19950-c73c-412c-be4d-699c9de1dde1', 'S9-21', 9, 21, 'dead_module', 3, 'null', 1, 9, 21, NULL, '2025-10-27 09:43:12', '2025-10-27 09:43:12'),
    (1, 'a4e19950-c73c-412c-be4d-699c9de1dde1', 'S9-22', 9, 22, 'dead_module', 3, 'null', 1, 9, 22, NULL, '2025-10-27 09:43:12', '2025-10-27 09:43:12'),
    (1, 'a4e19950-c73c-412c-be4d-699c9de1dde1', 'S9-23', 9, 23, 'dead_module', 3, 'null', 1, 9, 23, NULL, '2025-10-27 09:43:12', '2025-10-27 09:43:12'),
    (1, 'a4e19950-c73c-412c-be4d-699c9de1dde1', 'S9-24', 9, 24, 'dead_module', 3, 'null', 1, 9, 24, NULL, '2025-10-27 09:43:12', '2025-10-27 09:43:12'),
    (1, 'a4e19950-c73c-412c-be4d-699c9de1dde1', 'S10-1', 10, 1, 'dead_module', 3, 'null', 1, 10, 1, NULL, '2025-10-27 09:43:12', '2025-10-27 09:43:12'),
    (1, 'a4e19950-c73c-412c-be4d-699c9de1dde1', 'S10-2', 10, 2, 'dead_module', 3, 'null', 1, 10, 2, NULL, '2025-10-27 09:43:12', '2025-10-27 09:43:12'),
    (1, 'a4e19950-c73c-412c-be4d-699c9de1dde1', 'S10-3', 10, 3, 'dead_module', 3, 'null', 1, 10, 3, NULL, '2025-10-27 09:43:12', '2025-10-27 09:43:12'),
    (1, 'a4e19950-c73c-412c-be4d-699c9de1dde1', 'S10-4', 10, 4, 'dead_module', 3, 'null', 1, 10, 4, NULL, '2025-10-27 09:43:12', '2025-10-27 09:43:12'),
    (1, 'a4e19950-c73c-412c-be4d-699c9de1dde1', 'S10-5', 10, 5, 'dead_module', 3, 'null', 1, 10, 5, NULL, '2025-10-27 09:43:12', '2025-10-27 09:43:12'),
    (1, 'a4e19950-c73c-412c-be4d-699c9de1dde1', 'S10-6', 10, 6, 'dead_module', 3, 'null', 1, 10, 6, NULL, '2025-10-27 09:43:12', '2025-10-27 09:43:12'),
    (1, 'a4e19950-c73c-412c-be4d-699c9de1dde1', 'S10-7', 10, 7, 'none', 0, 'null', 1, 10, 7, NULL, '2025-10-27 09:43:12', '2025-10-27 09:43:12'),
    (1, 'a4e19950-c73c-412c-be4d-699c9de1dde1', 'S10-8', 10, 8, 'dead_module', 3, 'null', 1, 10, 8, NULL, '2025-10-27 09:43:12', '2025-10-27 09:43:12'),
    (1, 'a4e19950-c73c-412c-be4d-699c9de1dde1', 'S10-9', 10, 9, 'dead_module', 3, 'null', 1, 10, 9, NULL, '2025-10-27 09:43:12', '2025-10-27 09:43:12'),
    (1, 'a4e19950-c73c-412c-be4d-699c9de1dde1', 'S10-10', 10, 10, 'dead_module', 3, 'null', 1, 10, 10, NULL, '2025-10-27 09:43:12', '2025-10-27 09:43:12'),
    (1, 'a4e19950-c73c-412c-be4d-699c9de1dde1', 'S10-11', 10, 11, 'none', 0, 'null', 1, 10, 11, NULL, '2025-10-27 09:43:12', '2025-10-27 09:43:12'),
    (1, 'a4e19950-c73c-412c-be4d-699c9de1dde1', 'S10-12', 10, 12, 'dead_module', 3, 'null', 1, 10, 12, NULL, '2025-10-27 09:43:12', '2025-10-27 09:43:12'),
    (1, 'a4e19950-c73c-412c-be4d-699c9de1dde1', 'S10-13', 10, 13, 'dead_module', 3, 'null', 1, 10, 13, NULL, '2025-10-27 09:43:12', '2025-10-27 09:43:12'),
    (1, 'a4e19950-c73c-412c-be4d-699c9de1dde1', 'S10-14', 10, 14, 'dead_module', 3, 'null', 1, 10, 14, NULL, '2025-10-27 09:43:12', '2025-10-27 09:43:12'),
    (1, 'a4e19950-c73c-412c-be4d-699c9de1dde1', 'S10-15', 10, 15, 'none', 0, 'null', 1, 10, 15, NULL, '2025-10-27 09:43:12', '2025-10-27 09:43:12'),
    (1, 'a4e19950-c73c-412c-be4d-699c9de1dde1', 'S10-16', 10, 16, 'dead_module', 3, 'null', 1, 10, 16, NULL, '2025-10-27 09:43:12', '2025-10-27 09:43:12'),
    (1, 'a4e19950-c73c-412c-be4d-699c9de1dde1', 'S10-17', 10, 17, 'dead_module', 3, 'null', 1, 10, 17, NULL, '2025-10-27 09:43:12', '2025-10-27 09:43:12'),
    (1, 'a4e19950-c73c-412c-be4d-699c9de1dde1', 'S10-18', 10, 18, 'dead_module', 3, 'null', 1, 10, 18, NULL, '2025-10-27 09:43:12', '2025-10-27 09:43:12'),
    (1, 'a4e19950-c73c-412c-be4d-699c9de1dde1', 'S10-19', 10, 19, 'dead_module', 3, 'null', 1, 10, 19, NULL, '2025-10-27 09:43:12', '2025-10-27 09:43:12'),
    (1, 'a4e19950-c73c-412c-be4d-699c9de1dde1', 'S10-20', 10, 20, 'none', 0, 'null', 1, 10, 20, NULL, '2025-10-27 09:43:12', '2025-10-27 09:43:12'),
    (1, 'a4e19950-c73c-412c-be4d-699c9de1dde1', 'S10-21', 10, 21, 'none', 0, 'null', 1, 10, 21, NULL, '2025-10-27 09:43:12', '2025-10-27 09:43:12'),
    (1, 'a4e19950-c73c-412c-be4d-699c9de1dde1', 'S10-22', 10, 22, 'dead_module', 3, 'null', 1, 10, 22, NULL, '2025-10-27 09:43:12', '2025-10-27 09:43:12'),
    (1, 'a4e19950-c73c-412c-be4d-699c9de1dde1', 'S10-23', 10, 23, 'dead_module', 3, 'null', 1, 10, 23, NULL, '2025-10-27 09:43:12', '2025-10-27 09:43:12'),
    (1, 'a4e19950-c73c-412c-be4d-699c9de1dde1', 'S10-24', 10, 24, 'dead_module', 3, 'null', 1, 10, 24, NULL, '2025-10-27 09:43:12', '2025-10-27 09:43:12');

INSERT INTO el_modules (el_audit_id, audit_token, module_identifier, string_number, position_in_string, defect_type, severity_level, comment, technician_id, physical_row, physical_col, image_url, created_at, updated_at) VALUES
    (2, '76e6eb36-8b49-4255-99d3-55fc1adfc1c9', 'S1-1', 1, 1, 'luminescence_inequality', 1, 'null', 1, 1, NULL, NULL, '2025-10-27 09:43:12', '2025-10-27 09:43:12'),
    (2, '76e6eb36-8b49-4255-99d3-55fc1adfc1c9', 'S1-2', 1, 2, 'luminescence_inequality', 1, 'null', 1, 1, 1, NULL, '2025-10-27 09:43:12', '2025-10-27 09:43:12'),
    (2, '76e6eb36-8b49-4255-99d3-55fc1adfc1c9', 'S1-3', 1, 3, 'luminescence_inequality', 1, 'null', 1, 1, 2, NULL, '2025-10-27 09:43:12', '2025-10-27 09:43:12'),
    (2, '76e6eb36-8b49-4255-99d3-55fc1adfc1c9', 'S1-4', 1, 4, 'microcrack', 2, 'null', 1, 1, 3, NULL, '2025-10-27 09:43:12', '2025-10-27 09:43:12'),
    (2, '76e6eb36-8b49-4255-99d3-55fc1adfc1c9', 'S1-5', 1, 5, 'microcrack', 2, 'null', 1, 1, 4, NULL, '2025-10-27 09:43:12', '2025-10-27 09:43:12'),
    (2, '76e6eb36-8b49-4255-99d3-55fc1adfc1c9', 'S1-6', 1, 6, 'luminescence_inequality', 1, 'null', 1, 1, 5, NULL, '2025-10-27 09:43:12', '2025-10-27 09:43:12'),
    (2, '76e6eb36-8b49-4255-99d3-55fc1adfc1c9', 'S1-7', 1, 7, 'luminescence_inequality', 1, 'null', 1, 1, 6, NULL, '2025-10-27 09:43:12', '2025-10-27 09:43:12'),
    (2, '76e6eb36-8b49-4255-99d3-55fc1adfc1c9', 'S1-8', 1, 8, 'microcrack', 2, 'null', 1, 1, 7, NULL, '2025-10-27 09:43:12', '2025-10-27 09:43:12'),
    (2, '76e6eb36-8b49-4255-99d3-55fc1adfc1c9', 'S1-9', 1, 9, 'microcrack', 2, 'null', 1, 1, 8, NULL, '2025-10-27 09:43:12', '2025-10-27 09:43:12'),
    (2, '76e6eb36-8b49-4255-99d3-55fc1adfc1c9', 'S1-10', 1, 10, 'luminescence_inequality', 1, 'null', 1, 1, 9, NULL, '2025-10-27 09:43:12', '2025-10-27 09:43:12'),
    (2, '76e6eb36-8b49-4255-99d3-55fc1adfc1c9', 'S1-11', 1, 11, 'luminescence_inequality', 1, 'null', 1, 1, 10, NULL, '2025-10-27 09:43:12', '2025-10-27 09:43:12'),
    (2, '76e6eb36-8b49-4255-99d3-55fc1adfc1c9', 'S1-12', 1, 12, 'luminescence_inequality', 1, 'null', 1, 1, 11, NULL, '2025-10-27 09:43:12', '2025-10-27 09:43:12'),
    (2, '76e6eb36-8b49-4255-99d3-55fc1adfc1c9', 'S1-13', 1, 13, 'luminescence_inequality', 1, 'null', 1, 1, 12, NULL, '2025-10-27 09:43:12', '2025-10-27 09:43:12'),
    (2, '76e6eb36-8b49-4255-99d3-55fc1adfc1c9', 'S1-14', 1, 14, 'microcrack', 2, 'null', 1, 1, 13, NULL, '2025-10-27 09:43:12', '2025-10-27 09:43:12'),
    (2, '76e6eb36-8b49-4255-99d3-55fc1adfc1c9', 'S1-15', 1, 15, 'luminescence_inequality', 1, 'null', 1, 1, 14, NULL, '2025-10-27 09:43:12', '2025-10-27 09:43:12'),
    (2, '76e6eb36-8b49-4255-99d3-55fc1adfc1c9', 'S1-16', 1, 16, 'luminescence_inequality', 1, 'null', 1, 1, 15, NULL, '2025-10-27 09:43:12', '2025-10-27 09:43:12'),
    (2, '76e6eb36-8b49-4255-99d3-55fc1adfc1c9', 'S1-17', 1, 17, 'microcrack', 2, 'null', 1, 1, 16, NULL, '2025-10-27 09:43:12', '2025-10-27 09:43:12'),
    (2, '76e6eb36-8b49-4255-99d3-55fc1adfc1c9', 'S1-18', 1, 18, 'microcrack', 2, 'null', 1, 1, 17, NULL, '2025-10-27 09:43:12', '2025-10-27 09:43:12'),
    (2, '76e6eb36-8b49-4255-99d3-55fc1adfc1c9', 'S1-19', 1, 19, 'microcrack', 2, 'null', 1, 1, 18, NULL, '2025-10-27 09:43:12', '2025-10-27 09:43:12'),
    (2, '76e6eb36-8b49-4255-99d3-55fc1adfc1c9', 'S1-20', 1, 20, 'luminescence_inequality', 1, 'null', 1, 1, 19, NULL, '2025-10-27 09:43:12', '2025-10-27 09:43:12'),
    (2, '76e6eb36-8b49-4255-99d3-55fc1adfc1c9', 'S2-1', 2, 1, 'luminescence_inequality', 1, 'null', 1, 2, NULL, NULL, '2025-10-27 09:43:12', '2025-10-27 09:43:12'),
    (2, '76e6eb36-8b49-4255-99d3-55fc1adfc1c9', 'S2-2', 2, 2, 'luminescence_inequality', 1, 'null', 1, 2, 1, NULL, '2025-10-27 09:43:12', '2025-10-27 09:43:12'),
    (2, '76e6eb36-8b49-4255-99d3-55fc1adfc1c9', 'S2-3', 2, 3, 'microcrack', 2, 'null', 1, 2, 2, NULL, '2025-10-27 09:43:12', '2025-10-27 09:43:12'),
    (2, '76e6eb36-8b49-4255-99d3-55fc1adfc1c9', 'S2-4', 2, 4, 'luminescence_inequality', 1, 'null', 1, 2, 3, NULL, '2025-10-27 09:43:12', '2025-10-27 09:43:12'),
    (2, '76e6eb36-8b49-4255-99d3-55fc1adfc1c9', 'S2-5', 2, 5, 'luminescence_inequality', 1, 'null', 1, 2, 4, NULL, '2025-10-27 09:43:12', '2025-10-27 09:43:12'),
    (2, '76e6eb36-8b49-4255-99d3-55fc1adfc1c9', 'S2-6', 2, 6, 'microcrack', 2, 'null', 1, 2, 5, NULL, '2025-10-27 09:43:12', '2025-10-27 09:43:12'),
    (2, '76e6eb36-8b49-4255-99d3-55fc1adfc1c9', 'S2-7', 2, 7, 'luminescence_inequality', 1, 'null', 1, 2, 6, NULL, '2025-10-27 09:43:12', '2025-10-27 09:43:12'),
    (2, '76e6eb36-8b49-4255-99d3-55fc1adfc1c9', 'S2-8', 2, 8, 'luminescence_inequality', 1, 'null', 1, 2, 7, NULL, '2025-10-27 09:43:12', '2025-10-27 09:43:12'),
    (2, '76e6eb36-8b49-4255-99d3-55fc1adfc1c9', 'S2-9', 2, 9, 'luminescence_inequality', 1, 'null', 1, 2, 8, NULL, '2025-10-27 09:43:12', '2025-10-27 09:43:12'),
    (2, '76e6eb36-8b49-4255-99d3-55fc1adfc1c9', 'S2-10', 2, 10, 'luminescence_inequality', 1, 'null', 1, 2, 9, NULL, '2025-10-27 09:43:12', '2025-10-27 09:43:12'),
    (2, '76e6eb36-8b49-4255-99d3-55fc1adfc1c9', 'S2-11', 2, 11, 'luminescence_inequality', 1, 'null', 1, 2, 10, NULL, '2025-10-27 09:43:12', '2025-10-27 09:43:12'),
    (2, '76e6eb36-8b49-4255-99d3-55fc1adfc1c9', 'S2-12', 2, 12, 'luminescence_inequality', 1, 'null', 1, 2, 11, NULL, '2025-10-27 09:43:12', '2025-10-27 09:43:12'),
    (2, '76e6eb36-8b49-4255-99d3-55fc1adfc1c9', 'S2-13', 2, 13, 'microcrack', 2, 'null', 1, 2, 12, NULL, '2025-10-27 09:43:12', '2025-10-27 09:43:12'),
    (2, '76e6eb36-8b49-4255-99d3-55fc1adfc1c9', 'S2-14', 2, 14, 'microcrack', 2, 'null', 1, 2, 13, NULL, '2025-10-27 09:43:12', '2025-10-27 09:43:12'),
    (2, '76e6eb36-8b49-4255-99d3-55fc1adfc1c9', 'S2-15', 2, 15, 'luminescence_inequality', 1, 'null', 1, 2, 14, NULL, '2025-10-27 09:43:12', '2025-10-27 09:43:12'),
    (2, '76e6eb36-8b49-4255-99d3-55fc1adfc1c9', 'S2-16', 2, 16, 'luminescence_inequality', 1, 'null', 1, 2, 15, NULL, '2025-10-27 09:43:12', '2025-10-27 09:43:12'),
    (2, '76e6eb36-8b49-4255-99d3-55fc1adfc1c9', 'S2-17', 2, 17, 'luminescence_inequality', 1, 'null', 1, 2, 16, NULL, '2025-10-27 09:43:12', '2025-10-27 09:43:12'),
    (2, '76e6eb36-8b49-4255-99d3-55fc1adfc1c9', 'S2-18', 2, 18, 'luminescence_inequality', 1, 'null', 1, 2, 17, NULL, '2025-10-27 09:43:12', '2025-10-27 09:43:12'),
    (2, '76e6eb36-8b49-4255-99d3-55fc1adfc1c9', 'S2-19', 2, 19, 'luminescence_inequality', 1, 'null', 1, 2, 18, NULL, '2025-10-27 09:43:12', '2025-10-27 09:43:12'),
    (2, '76e6eb36-8b49-4255-99d3-55fc1adfc1c9', 'S2-20', 2, 20, 'luminescence_inequality', 1, 'null', 1, 2, 19, NULL, '2025-10-27 09:43:12', '2025-10-27 09:43:12'),
    (2, '76e6eb36-8b49-4255-99d3-55fc1adfc1c9', 'S3-1', 3, 1, 'luminescence_inequality', 1, 'null', 1, 3, NULL, NULL, '2025-10-27 09:43:12', '2025-10-27 09:43:12'),
    (2, '76e6eb36-8b49-4255-99d3-55fc1adfc1c9', 'S3-2', 3, 2, 'microcrack', 2, 'null', 1, 3, 1, NULL, '2025-10-27 09:43:12', '2025-10-27 09:43:12'),
    (2, '76e6eb36-8b49-4255-99d3-55fc1adfc1c9', 'S3-3', 3, 3, 'luminescence_inequality', 1, 'null', 1, 3, 2, NULL, '2025-10-27 09:43:12', '2025-10-27 09:43:12'),
    (2, '76e6eb36-8b49-4255-99d3-55fc1adfc1c9', 'S3-4', 3, 4, 'luminescence_inequality', 1, 'null', 1, 3, 3, NULL, '2025-10-27 09:43:12', '2025-10-27 09:43:12'),
    (2, '76e6eb36-8b49-4255-99d3-55fc1adfc1c9', 'S3-5', 3, 5, 'luminescence_inequality', 1, 'null', 1, 3, 4, NULL, '2025-10-27 09:43:12', '2025-10-27 09:43:12'),
    (2, '76e6eb36-8b49-4255-99d3-55fc1adfc1c9', 'S3-6', 3, 6, 'microcrack', 2, 'null', 1, 3, 5, NULL, '2025-10-27 09:43:12', '2025-10-27 09:43:12'),
    (2, '76e6eb36-8b49-4255-99d3-55fc1adfc1c9', 'S3-7', 3, 7, 'microcrack', 2, 'null', 1, 3, 6, NULL, '2025-10-27 09:43:12', '2025-10-27 09:43:12'),
    (2, '76e6eb36-8b49-4255-99d3-55fc1adfc1c9', 'S3-8', 3, 8, 'luminescence_inequality', 1, 'null', 1, 3, 7, NULL, '2025-10-27 09:43:12', '2025-10-27 09:43:12'),
    (2, '76e6eb36-8b49-4255-99d3-55fc1adfc1c9', 'S3-9', 3, 9, 'luminescence_inequality', 1, 'null', 1, 3, 8, NULL, '2025-10-27 09:43:12', '2025-10-27 09:43:12'),
    (2, '76e6eb36-8b49-4255-99d3-55fc1adfc1c9', 'S3-10', 3, 10, 'luminescence_inequality', 1, 'null', 1, 3, 9, NULL, '2025-10-27 09:43:12', '2025-10-27 09:43:12'),
    (2, '76e6eb36-8b49-4255-99d3-55fc1adfc1c9', 'S3-11', 3, 11, 'luminescence_inequality', 1, 'null', 1, 3, 10, NULL, '2025-10-27 09:43:12', '2025-10-27 09:43:12'),
    (2, '76e6eb36-8b49-4255-99d3-55fc1adfc1c9', 'S3-12', 3, 12, 'luminescence_inequality', 1, 'null', 1, 3, 11, NULL, '2025-10-27 09:43:12', '2025-10-27 09:43:12'),
    (2, '76e6eb36-8b49-4255-99d3-55fc1adfc1c9', 'S3-13', 3, 13, 'luminescence_inequality', 1, 'null', 1, 3, 12, NULL, '2025-10-27 09:43:12', '2025-10-27 09:43:12'),
    (2, '76e6eb36-8b49-4255-99d3-55fc1adfc1c9', 'S3-14', 3, 14, 'luminescence_inequality', 1, 'null', 1, 3, 13, NULL, '2025-10-27 09:43:12', '2025-10-27 09:43:12'),
    (2, '76e6eb36-8b49-4255-99d3-55fc1adfc1c9', 'S3-15', 3, 15, 'luminescence_inequality', 1, 'null', 1, 3, 14, NULL, '2025-10-27 09:43:12', '2025-10-27 09:43:12'),
    (2, '76e6eb36-8b49-4255-99d3-55fc1adfc1c9', 'S3-16', 3, 16, 'luminescence_inequality', 1, 'null', 1, 3, 15, NULL, '2025-10-27 09:43:12', '2025-10-27 09:43:12'),
    (2, '76e6eb36-8b49-4255-99d3-55fc1adfc1c9', 'S3-17', 3, 17, 'microcrack', 2, 'null', 1, 3, 16, NULL, '2025-10-27 09:43:12', '2025-10-27 09:43:12'),
    (2, '76e6eb36-8b49-4255-99d3-55fc1adfc1c9', 'S3-18', 3, 18, 'luminescence_inequality', 1, 'null', 1, 3, 17, NULL, '2025-10-27 09:43:12', '2025-10-27 09:43:12'),
    (2, '76e6eb36-8b49-4255-99d3-55fc1adfc1c9', 'S3-19', 3, 19, 'luminescence_inequality', 1, 'null', 1, 3, 18, NULL, '2025-10-27 09:43:12', '2025-10-27 09:43:12'),
    (2, '76e6eb36-8b49-4255-99d3-55fc1adfc1c9', 'S3-20', 3, 20, 'luminescence_inequality', 1, 'null', 1, 3, 19, NULL, '2025-10-27 09:43:12', '2025-10-27 09:43:12'),
    (2, '76e6eb36-8b49-4255-99d3-55fc1adfc1c9', 'S4-1', 4, 1, 'microcrack', 2, 'null', 1, 4, NULL, NULL, '2025-10-27 09:43:12', '2025-10-27 09:43:12'),
    (2, '76e6eb36-8b49-4255-99d3-55fc1adfc1c9', 'S4-2', 4, 2, 'luminescence_inequality', 1, 'null', 1, 4, 1, NULL, '2025-10-27 09:43:12', '2025-10-27 09:43:12'),
    (2, '76e6eb36-8b49-4255-99d3-55fc1adfc1c9', 'S4-3', 4, 3, 'luminescence_inequality', 1, 'null', 1, 4, 2, NULL, '2025-10-27 09:43:12', '2025-10-27 09:43:12'),
    (2, '76e6eb36-8b49-4255-99d3-55fc1adfc1c9', 'S4-4', 4, 4, 'luminescence_inequality', 1, 'null', 1, 4, 3, NULL, '2025-10-27 09:43:12', '2025-10-27 09:43:12'),
    (2, '76e6eb36-8b49-4255-99d3-55fc1adfc1c9', 'S4-5', 4, 5, 'luminescence_inequality', 1, 'null', 1, 4, 4, NULL, '2025-10-27 09:43:12', '2025-10-27 09:43:12'),
    (2, '76e6eb36-8b49-4255-99d3-55fc1adfc1c9', 'S4-6', 4, 6, 'microcrack', 2, 'null', 1, 4, 5, NULL, '2025-10-27 09:43:12', '2025-10-27 09:43:12'),
    (2, '76e6eb36-8b49-4255-99d3-55fc1adfc1c9', 'S4-7', 4, 7, 'microcrack', 2, 'null', 1, 4, 6, NULL, '2025-10-27 09:43:12', '2025-10-27 09:43:12'),
    (2, '76e6eb36-8b49-4255-99d3-55fc1adfc1c9', 'S4-8', 4, 8, 'luminescence_inequality', 1, 'null', 1, 4, 7, NULL, '2025-10-27 09:43:12', '2025-10-27 09:43:12'),
    (2, '76e6eb36-8b49-4255-99d3-55fc1adfc1c9', 'S4-9', 4, 9, 'microcrack', 2, 'null', 1, 4, 8, NULL, '2025-10-27 09:43:12', '2025-10-27 09:43:12'),
    (2, '76e6eb36-8b49-4255-99d3-55fc1adfc1c9', 'S4-10', 4, 10, 'luminescence_inequality', 1, 'null', 1, 4, 9, NULL, '2025-10-27 09:43:12', '2025-10-27 09:43:12'),
    (2, '76e6eb36-8b49-4255-99d3-55fc1adfc1c9', 'S4-11', 4, 11, 'microcrack', 2, 'null', 1, 4, 10, NULL, '2025-10-27 09:43:12', '2025-10-27 09:43:12'),
    (2, '76e6eb36-8b49-4255-99d3-55fc1adfc1c9', 'S4-12', 4, 12, 'microcrack', 2, 'null', 1, 4, 11, NULL, '2025-10-27 09:43:12', '2025-10-27 09:43:12'),
    (2, '76e6eb36-8b49-4255-99d3-55fc1adfc1c9', 'S4-13', 4, 13, 'luminescence_inequality', 1, 'null', 1, 4, 12, NULL, '2025-10-27 09:43:12', '2025-10-27 09:43:12'),
    (2, '76e6eb36-8b49-4255-99d3-55fc1adfc1c9', 'S4-14', 4, 14, 'luminescence_inequality', 1, 'null', 1, 4, 13, NULL, '2025-10-27 09:43:12', '2025-10-27 09:43:12'),
    (2, '76e6eb36-8b49-4255-99d3-55fc1adfc1c9', 'S4-15', 4, 15, 'luminescence_inequality', 1, 'null', 1, 4, 14, NULL, '2025-10-27 09:43:12', '2025-10-27 09:43:12'),
    (2, '76e6eb36-8b49-4255-99d3-55fc1adfc1c9', 'S4-16', 4, 16, 'luminescence_inequality', 1, 'null', 1, 4, 15, NULL, '2025-10-27 09:43:12', '2025-10-27 09:43:12'),
    (2, '76e6eb36-8b49-4255-99d3-55fc1adfc1c9', 'S4-17', 4, 17, 'luminescence_inequality', 1, 'null', 1, 4, 16, NULL, '2025-10-27 09:43:12', '2025-10-27 09:43:12'),
    (2, '76e6eb36-8b49-4255-99d3-55fc1adfc1c9', 'S4-18', 4, 18, 'luminescence_inequality', 1, 'null', 1, 4, 17, NULL, '2025-10-27 09:43:12', '2025-10-27 09:43:12'),
    (2, '76e6eb36-8b49-4255-99d3-55fc1adfc1c9', 'S4-19', 4, 19, 'microcrack', 2, 'null', 1, 4, 18, NULL, '2025-10-27 09:43:12', '2025-10-27 09:43:12'),
    (2, '76e6eb36-8b49-4255-99d3-55fc1adfc1c9', 'S4-20', 4, 20, 'luminescence_inequality', 1, 'null', 1, 4, 19, NULL, '2025-10-27 09:43:12', '2025-10-27 09:43:12'),
    (2, '76e6eb36-8b49-4255-99d3-55fc1adfc1c9', 'S5-1', 5, 1, 'luminescence_inequality', 1, 'null', 1, 5, NULL, NULL, '2025-10-27 09:43:12', '2025-10-27 09:43:12'),
    (2, '76e6eb36-8b49-4255-99d3-55fc1adfc1c9', 'S5-2', 5, 2, 'luminescence_inequality', 1, 'null', 1, 5, 1, NULL, '2025-10-27 09:43:12', '2025-10-27 09:43:12'),
    (2, '76e6eb36-8b49-4255-99d3-55fc1adfc1c9', 'S5-3', 5, 3, 'luminescence_inequality', 1, 'null', 1, 5, 2, NULL, '2025-10-27 09:43:12', '2025-10-27 09:43:12'),
    (2, '76e6eb36-8b49-4255-99d3-55fc1adfc1c9', 'S5-4', 5, 4, 'microcrack', 2, 'null', 1, 5, 3, NULL, '2025-10-27 09:43:12', '2025-10-27 09:43:12'),
    (2, '76e6eb36-8b49-4255-99d3-55fc1adfc1c9', 'S5-5', 5, 5, 'microcrack', 2, 'null', 1, 5, 4, NULL, '2025-10-27 09:43:12', '2025-10-27 09:43:12'),
    (2, '76e6eb36-8b49-4255-99d3-55fc1adfc1c9', 'S5-6', 5, 6, 'luminescence_inequality', 1, 'null', 1, 5, 5, NULL, '2025-10-27 09:43:12', '2025-10-27 09:43:12'),
    (2, '76e6eb36-8b49-4255-99d3-55fc1adfc1c9', 'S5-7', 5, 7, 'luminescence_inequality', 1, 'null', 1, 5, 6, NULL, '2025-10-27 09:43:12', '2025-10-27 09:43:12'),
    (2, '76e6eb36-8b49-4255-99d3-55fc1adfc1c9', 'S5-8', 5, 8, 'microcrack', 2, 'null', 1, 5, 7, NULL, '2025-10-27 09:43:12', '2025-10-27 09:43:12'),
    (2, '76e6eb36-8b49-4255-99d3-55fc1adfc1c9', 'S5-9', 5, 9, 'microcrack', 2, 'null', 1, 5, 8, NULL, '2025-10-27 09:43:12', '2025-10-27 09:43:12'),
    (2, '76e6eb36-8b49-4255-99d3-55fc1adfc1c9', 'S5-10', 5, 10, 'luminescence_inequality', 1, 'null', 1, 5, 9, NULL, '2025-10-27 09:43:12', '2025-10-27 09:43:12'),
    (2, '76e6eb36-8b49-4255-99d3-55fc1adfc1c9', 'S5-11', 5, 11, 'luminescence_inequality', 1, 'null', 1, 5, 10, NULL, '2025-10-27 09:43:12', '2025-10-27 09:43:12'),
    (2, '76e6eb36-8b49-4255-99d3-55fc1adfc1c9', 'S5-12', 5, 12, 'luminescence_inequality', 1, 'null', 1, 5, 11, NULL, '2025-10-27 09:43:12', '2025-10-27 09:43:12'),
    (2, '76e6eb36-8b49-4255-99d3-55fc1adfc1c9', 'S5-13', 5, 13, 'luminescence_inequality', 1, 'null', 1, 5, 12, NULL, '2025-10-27 09:43:12', '2025-10-27 09:43:12'),
    (2, '76e6eb36-8b49-4255-99d3-55fc1adfc1c9', 'S5-14', 5, 14, 'microcrack', 2, 'null', 1, 5, 13, NULL, '2025-10-27 09:43:12', '2025-10-27 09:43:12'),
    (2, '76e6eb36-8b49-4255-99d3-55fc1adfc1c9', 'S5-15', 5, 15, 'luminescence_inequality', 1, 'null', 1, 5, 14, NULL, '2025-10-27 09:43:12', '2025-10-27 09:43:12'),
    (2, '76e6eb36-8b49-4255-99d3-55fc1adfc1c9', 'S5-16', 5, 16, 'luminescence_inequality', 1, 'null', 1, 5, 15, NULL, '2025-10-27 09:43:12', '2025-10-27 09:43:12'),
    (2, '76e6eb36-8b49-4255-99d3-55fc1adfc1c9', 'S5-17', 5, 17, 'luminescence_inequality', 1, 'null', 1, 5, 16, NULL, '2025-10-27 09:43:12', '2025-10-27 09:43:12'),
    (2, '76e6eb36-8b49-4255-99d3-55fc1adfc1c9', 'S5-18', 5, 18, 'luminescence_inequality', 1, 'null', 1, 5, 17, NULL, '2025-10-27 09:43:12', '2025-10-27 09:43:12'),
    (2, '76e6eb36-8b49-4255-99d3-55fc1adfc1c9', 'S5-19', 5, 19, 'microcrack', 2, 'null', 1, 5, 18, NULL, '2025-10-27 09:43:12', '2025-10-27 09:43:12'),
    (2, '76e6eb36-8b49-4255-99d3-55fc1adfc1c9', 'S5-20', 5, 20, 'luminescence_inequality', 1, 'null', 1, 5, 19, NULL, '2025-10-27 09:43:12', '2025-10-27 09:43:12'),
    (2, '76e6eb36-8b49-4255-99d3-55fc1adfc1c9', 'S6-1', 6, 1, 'luminescence_inequality', 1, 'null', 1, 6, NULL, NULL, '2025-10-27 09:43:12', '2025-10-27 09:43:12'),
    (2, '76e6eb36-8b49-4255-99d3-55fc1adfc1c9', 'S6-2', 6, 2, 'microcrack', 2, 'null', 1, 6, 1, NULL, '2025-10-27 09:43:12', '2025-10-27 09:43:12'),
    (2, '76e6eb36-8b49-4255-99d3-55fc1adfc1c9', 'S6-3', 6, 3, 'microcrack', 2, 'null', 1, 6, 2, NULL, '2025-10-27 09:43:12', '2025-10-27 09:43:12'),
    (2, '76e6eb36-8b49-4255-99d3-55fc1adfc1c9', 'S6-4', 6, 4, 'luminescence_inequality', 1, 'null', 1, 6, 3, NULL, '2025-10-27 09:43:12', '2025-10-27 09:43:12'),
    (2, '76e6eb36-8b49-4255-99d3-55fc1adfc1c9', 'S6-5', 6, 5, 'microcrack', 2, 'null', 1, 6, 4, NULL, '2025-10-27 09:43:12', '2025-10-27 09:43:12'),
    (2, '76e6eb36-8b49-4255-99d3-55fc1adfc1c9', 'S6-6', 6, 6, 'luminescence_inequality', 1, 'null', 1, 6, 5, NULL, '2025-10-27 09:43:12', '2025-10-27 09:43:12'),
    (2, '76e6eb36-8b49-4255-99d3-55fc1adfc1c9', 'S6-7', 6, 7, 'luminescence_inequality', 1, 'null', 1, 6, 6, NULL, '2025-10-27 09:43:12', '2025-10-27 09:43:12'),
    (2, '76e6eb36-8b49-4255-99d3-55fc1adfc1c9', 'S6-8', 6, 8, 'microcrack', 2, 'null', 1, 6, 7, NULL, '2025-10-27 09:43:12', '2025-10-27 09:43:12'),
    (2, '76e6eb36-8b49-4255-99d3-55fc1adfc1c9', 'S6-9', 6, 9, 'microcrack', 2, 'null', 1, 6, 8, NULL, '2025-10-27 09:43:12', '2025-10-27 09:43:12'),
    (2, '76e6eb36-8b49-4255-99d3-55fc1adfc1c9', 'S6-10', 6, 10, 'luminescence_inequality', 1, 'null', 1, 6, 9, NULL, '2025-10-27 09:43:12', '2025-10-27 09:43:12'),
    (2, '76e6eb36-8b49-4255-99d3-55fc1adfc1c9', 'S6-11', 6, 11, 'microcrack', 2, 'null', 1, 6, 10, NULL, '2025-10-27 09:43:12', '2025-10-27 09:43:12'),
    (2, '76e6eb36-8b49-4255-99d3-55fc1adfc1c9', 'S6-12', 6, 12, 'luminescence_inequality', 1, 'null', 1, 6, 11, NULL, '2025-10-27 09:43:12', '2025-10-27 09:43:12'),
    (2, '76e6eb36-8b49-4255-99d3-55fc1adfc1c9', 'S6-13', 6, 13, 'microcrack', 2, 'null', 1, 6, 12, NULL, '2025-10-27 09:43:12', '2025-10-27 09:43:12'),
    (2, '76e6eb36-8b49-4255-99d3-55fc1adfc1c9', 'S6-14', 6, 14, 'microcrack', 2, 'null', 1, 6, 13, NULL, '2025-10-27 09:43:12', '2025-10-27 09:43:12'),
    (2, '76e6eb36-8b49-4255-99d3-55fc1adfc1c9', 'S6-15', 6, 15, 'luminescence_inequality', 1, 'null', 1, 6, 14, NULL, '2025-10-27 09:43:12', '2025-10-27 09:43:12'),
    (2, '76e6eb36-8b49-4255-99d3-55fc1adfc1c9', 'S6-16', 6, 16, 'luminescence_inequality', 1, 'null', 1, 6, 15, NULL, '2025-10-27 09:43:12', '2025-10-27 09:43:12'),
    (2, '76e6eb36-8b49-4255-99d3-55fc1adfc1c9', 'S6-17', 6, 17, 'luminescence_inequality', 1, 'null', 1, 6, 16, NULL, '2025-10-27 09:43:12', '2025-10-27 09:43:12'),
    (2, '76e6eb36-8b49-4255-99d3-55fc1adfc1c9', 'S6-18', 6, 18, 'luminescence_inequality', 1, 'null', 1, 6, 17, NULL, '2025-10-27 09:43:12', '2025-10-27 09:43:12'),
    (2, '76e6eb36-8b49-4255-99d3-55fc1adfc1c9', 'S6-19', 6, 19, 'microcrack', 2, 'null', 1, 6, 18, NULL, '2025-10-27 09:43:12', '2025-10-27 09:43:12'),
    (2, '76e6eb36-8b49-4255-99d3-55fc1adfc1c9', 'S6-20', 6, 20, 'luminescence_inequality', 1, 'null', 1, 6, 19, NULL, '2025-10-27 09:43:12', '2025-10-27 09:43:12'),
    (2, '76e6eb36-8b49-4255-99d3-55fc1adfc1c9', 'S7-1', 7, 1, 'luminescence_inequality', 1, 'null', 1, 7, NULL, NULL, '2025-10-27 09:43:12', '2025-10-27 09:43:12'),
    (2, '76e6eb36-8b49-4255-99d3-55fc1adfc1c9', 'S7-2', 7, 2, 'microcrack', 2, 'null', 1, 7, 1, NULL, '2025-10-27 09:43:12', '2025-10-27 09:43:12'),
    (2, '76e6eb36-8b49-4255-99d3-55fc1adfc1c9', 'S7-3', 7, 3, 'luminescence_inequality', 1, 'null', 1, 7, 2, NULL, '2025-10-27 09:43:12', '2025-10-27 09:43:12'),
    (2, '76e6eb36-8b49-4255-99d3-55fc1adfc1c9', 'S7-4', 7, 4, 'luminescence_inequality', 1, 'null', 1, 7, 3, NULL, '2025-10-27 09:43:12', '2025-10-27 09:43:12'),
    (2, '76e6eb36-8b49-4255-99d3-55fc1adfc1c9', 'S7-5', 7, 5, 'luminescence_inequality', 1, 'null', 1, 7, 4, NULL, '2025-10-27 09:43:12', '2025-10-27 09:43:12'),
    (2, '76e6eb36-8b49-4255-99d3-55fc1adfc1c9', 'S7-6', 7, 6, 'luminescence_inequality', 1, 'null', 1, 7, 5, NULL, '2025-10-27 09:43:12', '2025-10-27 09:43:12'),
    (2, '76e6eb36-8b49-4255-99d3-55fc1adfc1c9', 'S7-7', 7, 7, 'microcrack', 2, 'null', 1, 7, 6, NULL, '2025-10-27 09:43:12', '2025-10-27 09:43:12'),
    (2, '76e6eb36-8b49-4255-99d3-55fc1adfc1c9', 'S7-8', 7, 8, 'luminescence_inequality', 1, 'null', 1, 7, 7, NULL, '2025-10-27 09:43:12', '2025-10-27 09:43:12'),
    (2, '76e6eb36-8b49-4255-99d3-55fc1adfc1c9', 'S7-9', 7, 9, 'luminescence_inequality', 1, 'null', 1, 7, 8, NULL, '2025-10-27 09:43:12', '2025-10-27 09:43:12'),
    (2, '76e6eb36-8b49-4255-99d3-55fc1adfc1c9', 'S7-10', 7, 10, 'luminescence_inequality', 1, 'null', 1, 7, 9, NULL, '2025-10-27 09:43:12', '2025-10-27 09:43:12'),
    (2, '76e6eb36-8b49-4255-99d3-55fc1adfc1c9', 'S7-11', 7, 11, 'luminescence_inequality', 1, 'null', 1, 7, 10, NULL, '2025-10-27 09:43:12', '2025-10-27 09:43:12'),
    (2, '76e6eb36-8b49-4255-99d3-55fc1adfc1c9', 'S7-12', 7, 12, 'luminescence_inequality', 1, 'null', 1, 7, 11, NULL, '2025-10-27 09:43:12', '2025-10-27 09:43:12'),
    (2, '76e6eb36-8b49-4255-99d3-55fc1adfc1c9', 'S7-13', 7, 13, 'microcrack', 2, 'null', 1, 7, 12, NULL, '2025-10-27 09:43:12', '2025-10-27 09:43:12'),
    (2, '76e6eb36-8b49-4255-99d3-55fc1adfc1c9', 'S7-14', 7, 14, 'luminescence_inequality', 1, 'null', 1, 7, 13, NULL, '2025-10-27 09:43:12', '2025-10-27 09:43:12'),
    (2, '76e6eb36-8b49-4255-99d3-55fc1adfc1c9', 'S7-15', 7, 15, 'luminescence_inequality', 1, 'null', 1, 7, 14, NULL, '2025-10-27 09:43:12', '2025-10-27 09:43:12'),
    (2, '76e6eb36-8b49-4255-99d3-55fc1adfc1c9', 'S7-16', 7, 16, 'luminescence_inequality', 1, 'null', 1, 7, 15, NULL, '2025-10-27 09:43:12', '2025-10-27 09:43:12'),
    (2, '76e6eb36-8b49-4255-99d3-55fc1adfc1c9', 'S7-17', 7, 17, 'microcrack', 2, 'null', 1, 7, 16, NULL, '2025-10-27 09:43:12', '2025-10-27 09:43:12'),
    (2, '76e6eb36-8b49-4255-99d3-55fc1adfc1c9', 'S7-18', 7, 18, 'luminescence_inequality', 1, 'null', 1, 7, 17, NULL, '2025-10-27 09:43:12', '2025-10-27 09:43:12'),
    (2, '76e6eb36-8b49-4255-99d3-55fc1adfc1c9', 'S7-19', 7, 19, 'luminescence_inequality', 1, 'null', 1, 7, 18, NULL, '2025-10-27 09:43:12', '2025-10-27 09:43:12'),
    (2, '76e6eb36-8b49-4255-99d3-55fc1adfc1c9', 'S7-20', 7, 20, 'luminescence_inequality', 1, 'null', 1, 7, 19, NULL, '2025-10-27 09:43:12', '2025-10-27 09:43:12'),
    (2, '76e6eb36-8b49-4255-99d3-55fc1adfc1c9', 'S8-1', 8, 1, 'microcrack', 2, 'null', 1, 8, NULL, NULL, '2025-10-27 09:43:12', '2025-10-27 09:43:12'),
    (2, '76e6eb36-8b49-4255-99d3-55fc1adfc1c9', 'S8-2', 8, 2, 'microcrack', 2, 'null', 1, 8, 1, NULL, '2025-10-27 09:43:12', '2025-10-27 09:43:12'),
    (2, '76e6eb36-8b49-4255-99d3-55fc1adfc1c9', 'S8-3', 8, 3, 'luminescence_inequality', 1, 'null', 1, 8, 2, NULL, '2025-10-27 09:43:12', '2025-10-27 09:43:12'),
    (2, '76e6eb36-8b49-4255-99d3-55fc1adfc1c9', 'S8-4', 8, 4, 'microcrack', 2, 'null', 1, 8, 3, NULL, '2025-10-27 09:43:12', '2025-10-27 09:43:12'),
    (2, '76e6eb36-8b49-4255-99d3-55fc1adfc1c9', 'S8-5', 8, 5, 'luminescence_inequality', 1, 'null', 1, 8, 4, NULL, '2025-10-27 09:43:12', '2025-10-27 09:43:12'),
    (2, '76e6eb36-8b49-4255-99d3-55fc1adfc1c9', 'S8-6', 8, 6, 'luminescence_inequality', 1, 'null', 1, 8, 5, NULL, '2025-10-27 09:43:12', '2025-10-27 09:43:12'),
    (2, '76e6eb36-8b49-4255-99d3-55fc1adfc1c9', 'S8-7', 8, 7, 'microcrack', 2, 'null', 1, 8, 6, NULL, '2025-10-27 09:43:12', '2025-10-27 09:43:12'),
    (2, '76e6eb36-8b49-4255-99d3-55fc1adfc1c9', 'S8-8', 8, 8, 'luminescence_inequality', 1, 'null', 1, 8, 7, NULL, '2025-10-27 09:43:12', '2025-10-27 09:43:12'),
    (2, '76e6eb36-8b49-4255-99d3-55fc1adfc1c9', 'S8-9', 8, 9, 'luminescence_inequality', 1, 'null', 1, 8, 8, NULL, '2025-10-27 09:43:12', '2025-10-27 09:43:12'),
    (2, '76e6eb36-8b49-4255-99d3-55fc1adfc1c9', 'S8-10', 8, 10, 'luminescence_inequality', 1, 'null', 1, 8, 9, NULL, '2025-10-27 09:43:12', '2025-10-27 09:43:12'),
    (2, '76e6eb36-8b49-4255-99d3-55fc1adfc1c9', 'S8-11', 8, 11, 'luminescence_inequality', 1, 'null', 1, 8, 10, NULL, '2025-10-27 09:43:12', '2025-10-27 09:43:12'),
    (2, '76e6eb36-8b49-4255-99d3-55fc1adfc1c9', 'S8-12', 8, 12, 'microcrack', 2, 'null', 1, 8, 11, NULL, '2025-10-27 09:43:12', '2025-10-27 09:43:12'),
    (2, '76e6eb36-8b49-4255-99d3-55fc1adfc1c9', 'S8-13', 8, 13, 'microcrack', 2, 'null', 1, 8, 12, NULL, '2025-10-27 09:43:12', '2025-10-27 09:43:12'),
    (2, '76e6eb36-8b49-4255-99d3-55fc1adfc1c9', 'S8-14', 8, 14, 'microcrack', 2, 'null', 1, 8, 13, NULL, '2025-10-27 09:43:12', '2025-10-27 09:43:12'),
    (2, '76e6eb36-8b49-4255-99d3-55fc1adfc1c9', 'S8-15', 8, 15, 'microcrack', 2, 'null', 1, 8, 14, NULL, '2025-10-27 09:43:12', '2025-10-27 09:43:12'),
    (2, '76e6eb36-8b49-4255-99d3-55fc1adfc1c9', 'S8-16', 8, 16, 'microcrack', 2, 'null', 1, 8, 15, NULL, '2025-10-27 09:43:12', '2025-10-27 09:43:12'),
    (2, '76e6eb36-8b49-4255-99d3-55fc1adfc1c9', 'S8-17', 8, 17, 'microcrack', 2, 'null', 1, 8, 16, NULL, '2025-10-27 09:43:12', '2025-10-27 09:43:12'),
    (2, '76e6eb36-8b49-4255-99d3-55fc1adfc1c9', 'S8-18', 8, 18, 'luminescence_inequality', 1, 'null', 1, 8, 17, NULL, '2025-10-27 09:43:12', '2025-10-27 09:43:12'),
    (2, '76e6eb36-8b49-4255-99d3-55fc1adfc1c9', 'S8-19', 8, 19, 'luminescence_inequality', 1, 'null', 1, 8, 18, NULL, '2025-10-27 09:43:12', '2025-10-27 09:43:12'),
    (2, '76e6eb36-8b49-4255-99d3-55fc1adfc1c9', 'S8-20', 8, 20, 'microcrack', 2, 'null', 1, 8, 19, NULL, '2025-10-27 09:43:12', '2025-10-27 09:43:12'),
    (2, '76e6eb36-8b49-4255-99d3-55fc1adfc1c9', 'S9-1', 9, 1, 'luminescence_inequality', 1, 'null', 1, 9, NULL, NULL, '2025-10-27 09:43:12', '2025-10-27 09:43:12'),
    (2, '76e6eb36-8b49-4255-99d3-55fc1adfc1c9', 'S9-2', 9, 2, 'microcrack', 2, 'null', 1, 9, 1, NULL, '2025-10-27 09:43:12', '2025-10-27 09:43:12'),
    (2, '76e6eb36-8b49-4255-99d3-55fc1adfc1c9', 'S9-3', 9, 3, 'luminescence_inequality', 1, 'null', 1, 9, 2, NULL, '2025-10-27 09:43:12', '2025-10-27 09:43:12'),
    (2, '76e6eb36-8b49-4255-99d3-55fc1adfc1c9', 'S9-4', 9, 4, 'luminescence_inequality', 1, 'null', 1, 9, 3, NULL, '2025-10-27 09:43:12', '2025-10-27 09:43:12'),
    (2, '76e6eb36-8b49-4255-99d3-55fc1adfc1c9', 'S9-5', 9, 5, 'microcrack', 2, 'null', 1, 9, 4, NULL, '2025-10-27 09:43:12', '2025-10-27 09:43:12'),
    (2, '76e6eb36-8b49-4255-99d3-55fc1adfc1c9', 'S9-6', 9, 6, 'microcrack', 2, 'null', 1, 9, 5, NULL, '2025-10-27 09:43:12', '2025-10-27 09:43:12'),
    (2, '76e6eb36-8b49-4255-99d3-55fc1adfc1c9', 'S9-7', 9, 7, 'luminescence_inequality', 1, 'null', 1, 9, 6, NULL, '2025-10-27 09:43:12', '2025-10-27 09:43:12'),
    (2, '76e6eb36-8b49-4255-99d3-55fc1adfc1c9', 'S9-8', 9, 8, 'luminescence_inequality', 1, 'null', 1, 9, 7, NULL, '2025-10-27 09:43:12', '2025-10-27 09:43:12'),
    (2, '76e6eb36-8b49-4255-99d3-55fc1adfc1c9', 'S9-9', 9, 9, 'luminescence_inequality', 1, 'null', 1, 9, 8, NULL, '2025-10-27 09:43:12', '2025-10-27 09:43:12'),
    (2, '76e6eb36-8b49-4255-99d3-55fc1adfc1c9', 'S9-10', 9, 10, 'microcrack', 2, 'null', 1, 9, 9, NULL, '2025-10-27 09:43:12', '2025-10-27 09:43:12'),
    (2, '76e6eb36-8b49-4255-99d3-55fc1adfc1c9', 'S9-11', 9, 11, 'microcrack', 2, 'null', 1, 9, 10, NULL, '2025-10-27 09:43:12', '2025-10-27 09:43:12'),
    (2, '76e6eb36-8b49-4255-99d3-55fc1adfc1c9', 'S9-12', 9, 12, 'luminescence_inequality', 1, 'null', 1, 9, 11, NULL, '2025-10-27 09:43:12', '2025-10-27 09:43:12'),
    (2, '76e6eb36-8b49-4255-99d3-55fc1adfc1c9', 'S9-13', 9, 13, 'microcrack', 2, 'null', 1, 9, 12, NULL, '2025-10-27 09:43:12', '2025-10-27 09:43:12'),
    (2, '76e6eb36-8b49-4255-99d3-55fc1adfc1c9', 'S9-14', 9, 14, 'microcrack', 2, 'null', 1, 9, 13, NULL, '2025-10-27 09:43:12', '2025-10-27 09:43:12'),
    (2, '76e6eb36-8b49-4255-99d3-55fc1adfc1c9', 'S9-15', 9, 15, 'luminescence_inequality', 1, 'null', 1, 9, 14, NULL, '2025-10-27 09:43:12', '2025-10-27 09:43:12'),
    (2, '76e6eb36-8b49-4255-99d3-55fc1adfc1c9', 'S9-16', 9, 16, 'luminescence_inequality', 1, 'null', 1, 9, 15, NULL, '2025-10-27 09:43:12', '2025-10-27 09:43:12'),
    (2, '76e6eb36-8b49-4255-99d3-55fc1adfc1c9', 'S9-17', 9, 17, 'luminescence_inequality', 1, 'null', 1, 9, 16, NULL, '2025-10-27 09:43:12', '2025-10-27 09:43:12'),
    (2, '76e6eb36-8b49-4255-99d3-55fc1adfc1c9', 'S9-18', 9, 18, 'luminescence_inequality', 1, 'null', 1, 9, 17, NULL, '2025-10-27 09:43:12', '2025-10-27 09:43:12'),
    (2, '76e6eb36-8b49-4255-99d3-55fc1adfc1c9', 'S9-19', 9, 19, 'microcrack', 2, 'null', 1, 9, 18, NULL, '2025-10-27 09:43:12', '2025-10-27 09:43:12'),
    (2, '76e6eb36-8b49-4255-99d3-55fc1adfc1c9', 'S9-20', 9, 20, 'microcrack', 2, 'null', 1, 9, 19, NULL, '2025-10-27 09:43:12', '2025-10-27 09:43:12'),
    (2, '76e6eb36-8b49-4255-99d3-55fc1adfc1c9', 'S10-1', 10, 1, 'luminescence_inequality', 1, 'null', 1, 10, NULL, NULL, '2025-10-27 09:43:12', '2025-10-27 09:43:12'),
    (2, '76e6eb36-8b49-4255-99d3-55fc1adfc1c9', 'S10-2', 10, 2, 'microcrack', 2, 'null', 1, 10, 1, NULL, '2025-10-27 09:43:12', '2025-10-27 09:43:12'),
    (2, '76e6eb36-8b49-4255-99d3-55fc1adfc1c9', 'S10-3', 10, 3, 'microcrack', 2, 'null', 1, 10, 2, NULL, '2025-10-27 09:43:12', '2025-10-27 09:43:12'),
    (2, '76e6eb36-8b49-4255-99d3-55fc1adfc1c9', 'S10-4', 10, 4, 'luminescence_inequality', 1, 'null', 1, 10, 3, NULL, '2025-10-27 09:43:12', '2025-10-27 09:43:12'),
    (2, '76e6eb36-8b49-4255-99d3-55fc1adfc1c9', 'S10-5', 10, 5, 'microcrack', 2, 'null', 1, 10, 4, NULL, '2025-10-27 09:43:12', '2025-10-27 09:43:12'),
    (2, '76e6eb36-8b49-4255-99d3-55fc1adfc1c9', 'S10-6', 10, 6, 'luminescence_inequality', 1, 'null', 1, 10, 5, NULL, '2025-10-27 09:43:12', '2025-10-27 09:43:12'),
    (2, '76e6eb36-8b49-4255-99d3-55fc1adfc1c9', 'S10-7', 10, 7, 'microcrack', 2, 'null', 1, 10, 6, NULL, '2025-10-27 09:43:12', '2025-10-27 09:43:12'),
    (2, '76e6eb36-8b49-4255-99d3-55fc1adfc1c9', 'S10-8', 10, 8, 'microcrack', 2, 'null', 1, 10, 7, NULL, '2025-10-27 09:43:12', '2025-10-27 09:43:12'),
    (2, '76e6eb36-8b49-4255-99d3-55fc1adfc1c9', 'S10-9', 10, 9, 'luminescence_inequality', 1, 'null', 1, 10, 8, NULL, '2025-10-27 09:43:12', '2025-10-27 09:43:12'),
    (2, '76e6eb36-8b49-4255-99d3-55fc1adfc1c9', 'S10-10', 10, 10, 'luminescence_inequality', 1, 'null', 1, 10, 9, NULL, '2025-10-27 09:43:12', '2025-10-27 09:43:12'),
    (2, '76e6eb36-8b49-4255-99d3-55fc1adfc1c9', 'S10-11', 10, 11, 'microcrack', 2, 'null', 1, 10, 10, NULL, '2025-10-27 09:43:12', '2025-10-27 09:43:12'),
    (2, '76e6eb36-8b49-4255-99d3-55fc1adfc1c9', 'S10-12', 10, 12, 'microcrack', 2, 'null', 1, 10, 11, NULL, '2025-10-27 09:43:12', '2025-10-27 09:43:12'),
    (2, '76e6eb36-8b49-4255-99d3-55fc1adfc1c9', 'S10-13', 10, 13, 'luminescence_inequality', 1, 'null', 1, 10, 12, NULL, '2025-10-27 09:43:12', '2025-10-27 09:43:12'),
    (2, '76e6eb36-8b49-4255-99d3-55fc1adfc1c9', 'S10-14', 10, 14, 'luminescence_inequality', 1, 'null', 1, 10, 13, NULL, '2025-10-27 09:43:12', '2025-10-27 09:43:12'),
    (2, '76e6eb36-8b49-4255-99d3-55fc1adfc1c9', 'S10-15', 10, 15, 'luminescence_inequality', 1, 'null', 1, 10, 14, NULL, '2025-10-27 09:43:12', '2025-10-27 09:43:12'),
    (2, '76e6eb36-8b49-4255-99d3-55fc1adfc1c9', 'S10-16', 10, 16, 'microcrack', 2, 'null', 1, 10, 15, NULL, '2025-10-27 09:43:12', '2025-10-27 09:43:12'),
    (2, '76e6eb36-8b49-4255-99d3-55fc1adfc1c9', 'S10-17', 10, 17, 'luminescence_inequality', 1, 'null', 1, 10, 16, NULL, '2025-10-27 09:43:12', '2025-10-27 09:43:12'),
    (2, '76e6eb36-8b49-4255-99d3-55fc1adfc1c9', 'S10-18', 10, 18, 'luminescence_inequality', 1, 'null', 1, 10, 17, NULL, '2025-10-27 09:43:12', '2025-10-27 09:43:12'),
    (2, '76e6eb36-8b49-4255-99d3-55fc1adfc1c9', 'S10-19', 10, 19, 'microcrack', 2, 'null', 1, 10, 18, NULL, '2025-10-27 09:43:12', '2025-10-27 09:43:12'),
    (2, '76e6eb36-8b49-4255-99d3-55fc1adfc1c9', 'S10-20', 10, 20, 'microcrack', 2, 'null', 1, 10, 19, NULL, '2025-10-27 09:43:12', '2025-10-27 09:43:12'),
    (2, '76e6eb36-8b49-4255-99d3-55fc1adfc1c9', 'S11-1', 11, 1, 'luminescence_inequality', 1, 'null', 1, 11, NULL, NULL, '2025-10-27 09:43:12', '2025-10-27 09:43:12'),
    (2, '76e6eb36-8b49-4255-99d3-55fc1adfc1c9', 'S11-2', 11, 2, 'luminescence_inequality', 1, 'null', 1, 11, 1, NULL, '2025-10-27 09:43:12', '2025-10-27 09:43:12'),
    (2, '76e6eb36-8b49-4255-99d3-55fc1adfc1c9', 'S11-3', 11, 3, 'microcrack', 2, 'null', 1, 11, 2, NULL, '2025-10-27 09:43:12', '2025-10-27 09:43:12'),
    (2, '76e6eb36-8b49-4255-99d3-55fc1adfc1c9', 'S11-4', 11, 4, 'microcrack', 2, 'null', 1, 11, 3, NULL, '2025-10-27 09:43:12', '2025-10-27 09:43:12'),
    (2, '76e6eb36-8b49-4255-99d3-55fc1adfc1c9', 'S11-5', 11, 5, 'microcrack', 2, 'null', 1, 11, 4, NULL, '2025-10-27 09:43:12', '2025-10-27 09:43:12'),
    (2, '76e6eb36-8b49-4255-99d3-55fc1adfc1c9', 'S11-6', 11, 6, 'microcrack', 2, 'null', 1, 11, 5, NULL, '2025-10-27 09:43:12', '2025-10-27 09:43:12'),
    (2, '76e6eb36-8b49-4255-99d3-55fc1adfc1c9', 'S11-7', 11, 7, 'luminescence_inequality', 1, 'null', 1, 11, 6, NULL, '2025-10-27 09:43:12', '2025-10-27 09:43:12'),
    (2, '76e6eb36-8b49-4255-99d3-55fc1adfc1c9', 'S11-8', 11, 8, 'microcrack', 2, 'null', 1, 11, 7, NULL, '2025-10-27 09:43:12', '2025-10-27 09:43:12'),
    (2, '76e6eb36-8b49-4255-99d3-55fc1adfc1c9', 'S11-9', 11, 9, 'microcrack', 2, 'null', 1, 11, 8, NULL, '2025-10-27 09:43:12', '2025-10-27 09:43:12'),
    (2, '76e6eb36-8b49-4255-99d3-55fc1adfc1c9', 'S11-10', 11, 10, 'luminescence_inequality', 1, 'null', 1, 11, 9, NULL, '2025-10-27 09:43:12', '2025-10-27 09:43:12'),
    (2, '76e6eb36-8b49-4255-99d3-55fc1adfc1c9', 'S11-11', 11, 11, 'microcrack', 2, 'null', 1, 11, 10, NULL, '2025-10-27 09:43:12', '2025-10-27 09:43:12'),
    (2, '76e6eb36-8b49-4255-99d3-55fc1adfc1c9', 'S11-12', 11, 12, 'luminescence_inequality', 1, 'null', 1, 11, 11, NULL, '2025-10-27 09:43:12', '2025-10-27 09:43:12'),
    (2, '76e6eb36-8b49-4255-99d3-55fc1adfc1c9', 'S11-13', 11, 13, 'luminescence_inequality', 1, 'null', 1, 11, 12, NULL, '2025-10-27 09:43:12', '2025-10-27 09:43:12'),
    (2, '76e6eb36-8b49-4255-99d3-55fc1adfc1c9', 'S11-14', 11, 14, 'luminescence_inequality', 1, 'null', 1, 11, 13, NULL, '2025-10-27 09:43:12', '2025-10-27 09:43:12'),
    (2, '76e6eb36-8b49-4255-99d3-55fc1adfc1c9', 'S11-15', 11, 15, 'microcrack', 2, 'null', 1, 11, 14, NULL, '2025-10-27 09:43:12', '2025-10-27 09:43:12'),
    (2, '76e6eb36-8b49-4255-99d3-55fc1adfc1c9', 'S11-16', 11, 16, 'microcrack', 2, 'null', 1, 11, 15, NULL, '2025-10-27 09:43:12', '2025-10-27 09:43:12'),
    (2, '76e6eb36-8b49-4255-99d3-55fc1adfc1c9', 'S11-17', 11, 17, 'microcrack', 2, 'null', 1, 11, 16, NULL, '2025-10-27 09:43:12', '2025-10-27 09:43:12'),
    (2, '76e6eb36-8b49-4255-99d3-55fc1adfc1c9', 'S11-18', 11, 18, 'microcrack', 2, 'null', 1, 11, 17, NULL, '2025-10-27 09:43:12', '2025-10-27 09:43:12'),
    (2, '76e6eb36-8b49-4255-99d3-55fc1adfc1c9', 'S11-19', 11, 19, 'microcrack', 2, 'null', 1, 11, 18, NULL, '2025-10-27 09:43:12', '2025-10-27 09:43:12'),
    (2, '76e6eb36-8b49-4255-99d3-55fc1adfc1c9', 'S11-20', 11, 20, 'microcrack', 2, 'null', 1, 11, 19, NULL, '2025-10-27 09:43:12', '2025-10-27 09:43:12');



-- Réactiver foreign keys
PRAGMA foreign_keys = ON;

-- Vérifications intégrité
SELECT 'Clients créés:' as check_type, COUNT(*) as count FROM clients
UNION ALL
SELECT 'Projets créés:', COUNT(*) FROM projects
UNION ALL
SELECT 'Interventions créées:', COUNT(*) FROM interventions
UNION ALL
SELECT 'Audits EL migrés:', COUNT(*) FROM el_audits
UNION ALL
SELECT 'Modules EL migrés:', COUNT(*) FROM el_modules;

-- Distribution statuts modules
SELECT 
  defect_type,
  severity_level,
  COUNT(*) as count
FROM el_modules
GROUP BY defect_type, severity_level
ORDER BY severity_level DESC, count DESC;
